region,algorithm,certificate_mode,sent_cert_count,actual_chain_der_size_bytes,signature_size_bytes,actual_sign_ms,actual_verify_ms,cost_measurement_backend
Frankfurt,p256_OV_Ip_pkc,1ICA,2,88331,202.9,0.90108348,0.7857322999999999,unified_EVP_in_process
Frankfurt,p256_OV_Ip_pkc,2ICA,3,132491,202.9,0.90108348,0.7857322999999999,unified_EVP_in_process
Frankfurt,p256_OV_Ip_pkc,3ICA,4,176643,202.9,0.90108348,0.7857322999999999,unified_EVP_in_process
Frankfurt,p256_OV_Ip_pkc,4ICA,5,220791,202.9,0.90108348,0.7857322999999999,unified_EVP_in_process
Frankfurt,p256_OV_Is_pkc,1ICA,2,134276,171.02,0.9254946,0.87171858,unified_EVP_in_process
Frankfurt,p256_OV_Is_pkc,2ICA,3,201408,171.02,0.9254946,0.87171858,unified_EVP_in_process
Frankfurt,p256_OV_Is_pkc,3ICA,4,268530,171.02,0.9254946,0.87171858,unified_EVP_in_process
Frankfurt,p256_OV_Is_pkc,4ICA,5,335650,171.02,0.9254946,0.87171858,unified_EVP_in_process
Frankfurt,p256_faest128f,1ICA,2,12830,5998.92,18.4113905,14.8219531,unified_EVP_in_process
Frankfurt,p256_faest128f,2ICA,3,19239,5998.92,18.4113905,14.8219531,unified_EVP_in_process
Frankfurt,p256_faest128f,3ICA,4,25640,5998.92,18.4113905,14.8219531,unified_EVP_in_process
Frankfurt,p256_faest128f,4ICA,5,32036,5998.92,18.4113905,14.8219531,unified_EVP_in_process
Frankfurt,p256_faest128s,1ICA,2,9993,4581.0,57.55708306,49.375288579999996,unified_EVP_in_process
Frankfurt,p256_faest128s,2ICA,3,14984,4581.0,57.55708306,49.375288579999996,unified_EVP_in_process
Frankfurt,p256_faest128s,3ICA,4,19967,4581.0,57.55708306,49.375288579999996,unified_EVP_in_process
Frankfurt,p256_faest128s,4ICA,5,24946,4581.0,57.55708306,49.375288579999996,unified_EVP_in_process
Frankfurt,p256_falcon512,1ICA,2,4020,730.5,1.06072312,0.82178278,unified_EVP_in_process
Frankfurt,p256_falcon512,2ICA,3,6035,730.5,1.06072312,0.82178278,unified_EVP_in_process
Frankfurt,p256_falcon512,3ICA,4,8026,730.5,1.06072312,0.82178278,unified_EVP_in_process
Frankfurt,p256_falcon512,4ICA,5,10023,730.5,1.06072312,0.82178278,unified_EVP_in_process
Frankfurt,p256_hawk512,1ICA,2,4077,630.04,0.8849465000000001,0.75048232,unified_EVP_in_process
Frankfurt,p256_hawk512,2ICA,3,6109,630.04,0.8849465000000001,0.75048232,unified_EVP_in_process
Frankfurt,p256_hawk512,3ICA,4,8131,630.04,0.8849465000000001,0.75048232,unified_EVP_in_process
Frankfurt,p256_hawk512,4ICA,5,10151,630.04,0.8849465000000001,0.75048232,unified_EVP_in_process
Frankfurt,p256_mayo1,1ICA,2,4658,529.1,1.0786795200000001,0.85828528,unified_EVP_in_process
Frankfurt,p256_mayo1,2ICA,3,6981,529.1,1.0786795200000001,0.85828528,unified_EVP_in_process
Frankfurt,p256_mayo1,3ICA,4,9295,529.1,1.0786795200000001,0.85828528,unified_EVP_in_process
Frankfurt,p256_mayo1,4ICA,5,11605,529.1,1.0786795200000001,0.85828528,unified_EVP_in_process
Frankfurt,p256_mayo2,1ICA,2,11105,261.0,0.9758090799999999,0.74838206,unified_EVP_in_process
Frankfurt,p256_mayo2,2ICA,3,16653,261.0,0.9758090799999999,0.74838206,unified_EVP_in_process
Frankfurt,p256_mayo2,3ICA,4,22191,261.0,0.9758090799999999,0.74838206,unified_EVP_in_process
Frankfurt,p256_mayo2,4ICA,5,27724,261.0,0.9758090799999999,0.74838206,unified_EVP_in_process
Frankfurt,p256_mldsa44,1ICA,2,8378,2495.06,0.9513522999999999,0.8061123600000001,unified_EVP_in_process
Frankfurt,p256_mldsa44,2ICA,3,12558,2495.06,0.9513522999999999,0.8061123600000001,unified_EVP_in_process
Frankfurt,p256_mldsa44,3ICA,4,16731,2495.06,0.9513522999999999,0.8061123600000001,unified_EVP_in_process
Frankfurt,p256_mldsa44,4ICA,5,20899,2495.06,0.9513522999999999,0.8061123600000001,unified_EVP_in_process
Frankfurt,p256_mqom2cat1gf16fastr5,1ICA,2,7642,3354.94,2.22406376,2.0890395,unified_EVP_in_process
Frankfurt,p256_mqom2cat1gf16fastr5,2ICA,3,11457,3354.94,2.22406376,2.0890395,unified_EVP_in_process
Frankfurt,p256_mqom2cat1gf16fastr5,3ICA,4,15264,3354.94,2.22406376,2.0890395,unified_EVP_in_process
Frankfurt,p256_mqom2cat1gf16fastr5,4ICA,5,19065,3354.94,2.22406376,2.0890395,unified_EVP_in_process
Frankfurt,p256_qruov1q7l10v740m100,1ICA,2,42911,405.9,20.33658782,18.45057934,unified_EVP_in_process
Frankfurt,p256_qruov1q7l10v740m100,2ICA,3,64359,405.9,20.33658782,18.45057934,unified_EVP_in_process
Frankfurt,p256_qruov1q7l10v740m100,3ICA,4,85798,405.9,20.33658782,18.45057934,unified_EVP_in_process
Frankfurt,p256_qruov1q7l10v740m100,4ICA,5,107237,405.9,20.33658782,18.45057934,unified_EVP_in_process
Frankfurt,p256_sdithhypercubecat1gf256,1ICA,2,18234,8571.0,14.67059934,14.1640829,unified_EVP_in_process
Frankfurt,p256_sdithhypercubecat1gf256,2ICA,3,27347,8571.0,14.67059934,14.1640829,unified_EVP_in_process
Frankfurt,p256_sdithhypercubecat1gf256,3ICA,4,36448,8571.0,14.67059934,14.1640829,unified_EVP_in_process
Frankfurt,p256_sdithhypercubecat1gf256,4ICA,5,45547,8571.0,14.67059934,14.1640829,unified_EVP_in_process
Frankfurt,p256_sdiththresholdcat1gf256,1ICA,2,21995,10423.96,6.62881542,1.8260273599999999,unified_EVP_in_process
Frankfurt,p256_sdiththresholdcat1gf256,2ICA,3,33065,10423.96,6.62881542,1.8260273599999999,unified_EVP_in_process
Frankfurt,p256_sdiththresholdcat1gf256,3ICA,4,44352,10423.96,6.62881542,1.8260273599999999,unified_EVP_in_process
Frankfurt,p256_sdiththresholdcat1gf256,4ICA,5,54992,10423.96,6.62881542,1.8260273599999999,unified_EVP_in_process
Frankfurt,p256_slhdsasha2128f,1ICA,2,35179,17163.06,31.76290082,2.89286264,unified_EVP_in_process
Frankfurt,p256_slhdsasha2128f,2ICA,3,52760,17163.06,31.76290082,2.89286264,unified_EVP_in_process
Frankfurt,p256_slhdsasha2128f,3ICA,4,70335,17163.06,31.76290082,2.89286264,unified_EVP_in_process
Frankfurt,p256_slhdsasha2128f,4ICA,5,87907,17163.06,31.76290082,2.89286264,unified_EVP_in_process
Frankfurt,p256_slhdsasha2128s,1ICA,2,16714,7930.94,647.4048328,1.6909886399999998,unified_EVP_in_process
Frankfurt,p256_slhdsasha2128s,2ICA,3,25066,7930.94,647.4048328,1.6909886399999998,unified_EVP_in_process
Frankfurt,p256_slhdsasha2128s,3ICA,4,33408,7930.94,647.4048328,1.6909886399999998,unified_EVP_in_process
Frankfurt,p256_slhdsasha2128s,4ICA,5,41746,7930.94,647.4048328,1.6909886399999998,unified_EVP_in_process
Frankfurt,p256_slhdsashake128f,1ICA,2,35200,17163.04,49.17877198,3.84715992,unified_EVP_in_process
Frankfurt,p256_slhdsashake128f,2ICA,3,52775,17163.04,49.17877198,3.84715992,unified_EVP_in_process
Frankfurt,p256_slhdsashake128f,3ICA,4,70346,17163.04,49.17877198,3.84715992,unified_EVP_in_process
Frankfurt,p256_slhdsashake128f,4ICA,5,87916,17163.04,49.17877198,3.84715992,unified_EVP_in_process
Frankfurt,p256_slhdsashake128s,1ICA,2,16736,7930.8,1005.76495102,1.97889422,unified_EVP_in_process
Frankfurt,p256_slhdsashake128s,2ICA,3,25076,7930.8,1005.76495102,1.97889422,unified_EVP_in_process
Frankfurt,p256_slhdsashake128s,3ICA,4,33416,7930.8,1005.76495102,1.97889422,unified_EVP_in_process
Frankfurt,p256_slhdsashake128s,4ICA,5,41756,7930.8,1005.76495102,1.97889422,unified_EVP_in_process
Frankfurt,p256_snova2454,1ICA,2,3454,322.92,1.31802292,0.927708,unified_EVP_in_process
Frankfurt,p256_snova2454,2ICA,3,5177,322.92,1.31802292,0.927708,unified_EVP_in_process
Frankfurt,p256_snova2454,3ICA,4,6889,322.92,1.31802292,0.927708,unified_EVP_in_process
Frankfurt,p256_snova2454,4ICA,5,8591,322.92,1.31802292,0.927708,unified_EVP_in_process
Frankfurt,p256_snova37172,1ICA,2,20859,198.96,1.26366836,0.9083140000000001,unified_EVP_in_process
Frankfurt,p256_snova37172,2ICA,3,31282,198.96,1.26366836,0.9083140000000001,unified_EVP_in_process
Frankfurt,p256_snova37172,3ICA,4,41702,198.96,1.26366836,0.9083140000000001,unified_EVP_in_process
Frankfurt,p256_snova37172,4ICA,5,52106,198.96,1.26366836,0.9083140000000001,unified_EVP_in_process
Frankfurt,p384_OV_III_pkc,1ICA,2,379928,306.98,2.0463482600000003,2.13562614,unified_EVP_in_process
Frankfurt,p384_OV_III_pkc,2ICA,3,569889,306.98,2.0463482600000003,2.13562614,unified_EVP_in_process
Frankfurt,p384_OV_III_pkc,3ICA,4,759837,306.98,2.0463482600000003,2.13562614,unified_EVP_in_process
Frankfurt,p384_OV_III_pkc,4ICA,5,949784,306.98,2.0463482600000003,2.13562614,unified_EVP_in_process
Frankfurt,p384_faest192f,1ICA,2,31041,15054.94,93.64197136000001,67.80376652,unified_EVP_in_process
Frankfurt,p384_faest192f,2ICA,3,46557,15054.94,93.64197136000001,67.80376652,unified_EVP_in_process
Frankfurt,p384_faest192f,3ICA,4,62063,15054.94,93.64197136000001,67.80376652,unified_EVP_in_process
Frankfurt,p384_faest192f,4ICA,5,77567,15054.94,93.64197136000001,67.80376652,unified_EVP_in_process
Frankfurt,p384_faest192s,1ICA,2,23667,11367.16,220.0438208,182.91594146,unified_EVP_in_process
Frankfurt,p384_faest192s,2ICA,3,35494,11367.16,220.0438208,182.91594146,unified_EVP_in_process
Frankfurt,p384_faest192s,3ICA,4,47312,11367.16,220.0438208,182.91594146,unified_EVP_in_process
Frankfurt,p384_faest192s,4ICA,5,59125,11367.16,220.0438208,182.91594146,unified_EVP_in_process
Frankfurt,p384_mayo3,1ICA,2,8370,788.04,2.2724699200000003,2.00539656,unified_EVP_in_process
Frankfurt,p384_mayo3,2ICA,3,12551,788.04,2.2724699200000003,2.00539656,unified_EVP_in_process
Frankfurt,p384_mayo3,3ICA,4,16724,788.04,2.2724699200000003,2.00539656,unified_EVP_in_process
Frankfurt,p384_mayo3,4ICA,5,20891,788.04,2.2724699200000003,2.00539656,unified_EVP_in_process
Frankfurt,p384_mldsa65,1ICA,2,11563,3416.1,2.05514732,1.73349262,unified_EVP_in_process
Frankfurt,p384_mldsa65,2ICA,3,17336,3416.1,2.05514732,1.73349262,unified_EVP_in_process
Frankfurt,p384_mldsa65,3ICA,4,23106,3416.1,2.05514732,1.73349262,unified_EVP_in_process
Frankfurt,p384_mldsa65,4ICA,5,28865,3416.1,2.05514732,1.73349262,unified_EVP_in_process
Frankfurt,p384_mqom2cat3gf16fastr5,1ICA,2,16746,7845.04,7.27746474,6.86079584,unified_EVP_in_process
Frankfurt,p384_mqom2cat3gf16fastr5,2ICA,3,25115,7845.04,7.27746474,6.86079584,unified_EVP_in_process
Frankfurt,p384_mqom2cat3gf16fastr5,3ICA,4,33473,7845.04,7.27746474,6.86079584,unified_EVP_in_process
Frankfurt,p384_mqom2cat3gf16fastr5,4ICA,5,41825,7845.04,7.27746474,6.86079584,unified_EVP_in_process
Frankfurt,p384_qruov3q7l10v1100m140,1ICA,2,112375,595.9,63.10548558000001,55.393655360000004,unified_EVP_in_process
Frankfurt,p384_qruov3q7l10v1100m140,2ICA,3,168554,595.9,63.10548558000001,55.393655360000004,unified_EVP_in_process
Frankfurt,p384_qruov3q7l10v1100m140,3ICA,4,224729,595.9,63.10548558000001,55.393655360000004,unified_EVP_in_process
Frankfurt,p384_qruov3q7l10v1100m140,4ICA,5,280896,595.9,63.10548558000001,55.393655360000004,unified_EVP_in_process
Frankfurt,p384_sdithhypercubecat3gf256,1ICA,2,40558,19650.86,40.03705978,37.379671880000004,unified_EVP_in_process
Frankfurt,p384_sdithhypercubecat3gf256,2ICA,3,60830,19650.86,40.03705978,37.379671880000004,unified_EVP_in_process
Frankfurt,p384_sdithhypercubecat3gf256,3ICA,4,81096,19650.86,40.03705978,37.379671880000004,unified_EVP_in_process
Frankfurt,p384_sdithhypercubecat3gf256,4ICA,5,101356,19650.86,40.03705978,37.379671880000004,unified_EVP_in_process
Frankfurt,p384_sdiththresholdcat3gf256,1ICA,2,52335,25379.66,16.5681115,4.65123088,unified_EVP_in_process
Frankfurt,p384_sdiththresholdcat3gf256,2ICA,3,78064,25379.66,16.5681115,4.65123088,unified_EVP_in_process
Frankfurt,p384_sdiththresholdcat3gf256,3ICA,4,104168,25379.66,16.5681115,4.65123088,unified_EVP_in_process
Frankfurt,p384_sdiththresholdcat3gf256,4ICA,5,128875,25379.66,16.5681115,4.65123088,unified_EVP_in_process
Frankfurt,p384_slhdsasha2192f,1ICA,2,72493,35770.74,53.742072019999995,4.48817366,unified_EVP_in_process
Frankfurt,p384_slhdsasha2192f,2ICA,3,108735,35770.74,53.742072019999995,4.48817366,unified_EVP_in_process
Frankfurt,p384_slhdsasha2192f,3ICA,4,144968,35770.74,53.742072019999995,4.48817366,unified_EVP_in_process
Frankfurt,p384_slhdsasha2192f,4ICA,5,181194,35770.74,53.742072019999995,4.48817366,unified_EVP_in_process
Frankfurt,p384_slhdsasha2192s,1ICA,2,33615,16331.16,1174.47634894,2.8861681599999995,unified_EVP_in_process
Frankfurt,p384_slhdsasha2192s,2ICA,3,50414,16331.16,1174.47634894,2.8861681599999995,unified_EVP_in_process
Frankfurt,p384_slhdsasha2192s,3ICA,4,67208,16331.16,1174.47634894,2.8861681599999995,unified_EVP_in_process
Frankfurt,p384_slhdsasha2192s,4ICA,5,83995,16331.16,1174.47634894,2.8861681599999995,unified_EVP_in_process
Frankfurt,p384_slhdsashake192f,1ICA,2,72515,35770.84,81.1946872,6.01804658,unified_EVP_in_process
Frankfurt,p384_slhdsashake192f,2ICA,3,108748,35770.84,81.1946872,6.01804658,unified_EVP_in_process
Frankfurt,p384_slhdsashake192f,3ICA,4,144977,35770.84,81.1946872,6.01804658,unified_EVP_in_process
Frankfurt,p384_slhdsashake192f,4ICA,5,181207,35770.84,81.1946872,6.01804658,unified_EVP_in_process
Frankfurt,p384_slhdsashake192s,1ICA,2,33636,16330.88,1792.42844878,3.27292724,unified_EVP_in_process
Frankfurt,p384_slhdsashake192s,2ICA,3,50426,16330.88,1792.42844878,3.27292724,unified_EVP_in_process
Frankfurt,p384_slhdsashake192s,3ICA,4,67218,16330.88,1792.42844878,3.27292724,unified_EVP_in_process
Frankfurt,p384_slhdsashake192s,4ICA,5,84004,16330.88,1792.42844878,3.27292724,unified_EVP_in_process
Frankfurt,p384_snova2455,1ICA,2,4970,485.84,3.22181944,2.1338207,unified_EVP_in_process
Frankfurt,p384_snova2455,2ICA,3,7449,485.84,3.22181944,2.1338207,unified_EVP_in_process
Frankfurt,p384_snova2455,3ICA,4,9920,485.84,3.22181944,2.1338207,unified_EVP_in_process
Frankfurt,p384_snova2455,4ICA,5,12386,485.84,3.22181944,2.1338207,unified_EVP_in_process
Frankfurt,p521_OV_V_pkc,1ICA,2,895706,402.54,3.6471817800000004,3.7466049,unified_EVP_in_process
Frankfurt,p521_OV_V_pkc,2ICA,3,1343551,402.54,3.6471817800000004,3.7466049,unified_EVP_in_process
Frankfurt,p521_OV_V_pkc,3ICA,4,1791389,402.54,3.6471817800000004,3.7466049,unified_EVP_in_process
Frankfurt,p521_OV_V_pkc,4ICA,5,2239222,402.54,3.6471817800000004,3.7466049,unified_EVP_in_process
Frankfurt,p521_faest256f,1ICA,2,54385,26690.4,122.63508318,93.55256658,unified_EVP_in_process
Frankfurt,p521_faest256f,2ICA,3,81573,26690.4,122.63508318,93.55256658,unified_EVP_in_process
Frankfurt,p521_faest256f,3ICA,4,108748,26690.4,122.63508318,93.55256658,unified_EVP_in_process
Frankfurt,p521_faest256f,4ICA,5,135922,26690.4,122.63508318,93.55256658,unified_EVP_in_process
Frankfurt,p521_faest256s,1ICA,2,42681,20838.56,368.09407980000003,333.03682119999996,unified_EVP_in_process
Frankfurt,p521_faest256s,2ICA,3,64017,20838.56,368.09407980000003,333.03682119999996,unified_EVP_in_process
Frankfurt,p521_faest256s,3ICA,4,85341,20838.56,368.09407980000003,333.03682119999996,unified_EVP_in_process
Frankfurt,p521_faest256s,4ICA,5,106660,20838.56,368.09407980000003,333.03682119999996,unified_EVP_in_process
Frankfurt,p521_falcon1024,1ICA,2,7317,1412.88,3.89056368,2.9887304799999996,unified_EVP_in_process
Frankfurt,p521_falcon1024,2ICA,3,10974,1412.88,3.89056368,2.9887304799999996,unified_EVP_in_process
Frankfurt,p521_falcon1024,3ICA,4,14628,1412.88,3.89056368,2.9887304799999996,unified_EVP_in_process
Frankfurt,p521_falcon1024,4ICA,5,18260,1412.88,3.89056368,2.9887304799999996,unified_EVP_in_process
Frankfurt,p521_hawk1024,1ICA,2,8515,1363.68,3.4503594399999997,2.80474692,unified_EVP_in_process
Frankfurt,p521_hawk1024,2ICA,3,12766,1363.68,3.4503594399999997,2.80474692,unified_EVP_in_process
Frankfurt,p521_hawk1024,3ICA,4,17010,1363.68,3.4503594399999997,2.80474692,unified_EVP_in_process
Frankfurt,p521_hawk1024,4ICA,5,21248,1363.68,3.4503594399999997,2.80474692,unified_EVP_in_process
Frankfurt,p521_mayo5,1ICA,2,14216,1106.38,4.28620558,3.29086014,unified_EVP_in_process
Frankfurt,p521_mayo5,2ICA,3,21316,1106.38,4.28620558,3.29086014,unified_EVP_in_process
Frankfurt,p521_mayo5,3ICA,4,28413,1106.38,4.28620558,3.29086014,unified_EVP_in_process
Frankfurt,p521_mayo5,4ICA,5,35501,1106.38,4.28620558,3.29086014,unified_EVP_in_process
Frankfurt,p521_mldsa87,1ICA,2,15622,4769.66,3.55372678,2.9320269999999997,unified_EVP_in_process
Frankfurt,p521_mldsa87,2ICA,3,23426,4769.66,3.55372678,2.9320269999999997,unified_EVP_in_process
Frankfurt,p521_mldsa87,3ICA,4,31224,4769.66,3.55372678,2.9320269999999997,unified_EVP_in_process
Frankfurt,p521_mldsa87,4ICA,5,39012,4769.66,3.55372678,2.9320269999999997,unified_EVP_in_process
Frankfurt,p521_mqom2cat5gf16fastr5,1ICA,2,29025,13914.4,15.539327559999998,14.00052586,unified_EVP_in_process
Frankfurt,p521_mqom2cat5gf16fastr5,2ICA,3,43533,13914.4,15.539327559999998,14.00052586,unified_EVP_in_process
Frankfurt,p521_mqom2cat5gf16fastr5,3ICA,4,58029,13914.4,15.539327559999998,14.00052586,unified_EVP_in_process
Frankfurt,p521_mqom2cat5gf16fastr5,4ICA,5,72520,13914.4,15.539327559999998,14.00052586,unified_EVP_in_process
Frankfurt,p521_qruov5q7l10v1490m190,1ICA,2,273387,804.38,158.56815032,132.17354898,unified_EVP_in_process
Frankfurt,p521_qruov5q7l10v1490m190,2ICA,3,410074,804.38,158.56815032,132.17354898,unified_EVP_in_process
Frankfurt,p521_qruov5q7l10v1490m190,3ICA,4,546753,804.38,158.56815032,132.17354898,unified_EVP_in_process
Frankfurt,p521_qruov5q7l10v1490m190,4ICA,5,683429,804.38,158.56815032,132.17354898,unified_EVP_in_process
Frankfurt,p521_sdithhypercubecat5gf256,1ICA,2,69589,34066.44,73.72651802,68.38690056,unified_EVP_in_process
Frankfurt,p521_sdithhypercubecat5gf256,2ICA,3,104377,34066.44,73.72651802,68.38690056,unified_EVP_in_process
Frankfurt,p521_sdithhypercubecat5gf256,3ICA,4,139157,34066.44,73.72651802,68.38690056,unified_EVP_in_process
Frankfurt,p521_sdithhypercubecat5gf256,4ICA,5,173932,34066.44,73.72651802,68.38690056,unified_EVP_in_process
Frankfurt,p521_sdiththresholdcat5gf256,1ICA,2,91101,44607.4,35.1853986,8.04229804,unified_EVP_in_process
Frankfurt,p521_sdiththresholdcat5gf256,2ICA,3,135333,44607.4,35.1853986,8.04229804,unified_EVP_in_process
Frankfurt,p521_sdiththresholdcat5gf256,3ICA,4,180647,44607.4,35.1853986,8.04229804,unified_EVP_in_process
Frankfurt,p521_sdiththresholdcat5gf256,4ICA,5,225760,44607.4,35.1853986,8.04229804,unified_EVP_in_process
Frankfurt,p521_slhdsasha2256f,1ICA,2,101053,49998.46,109.17768956,5.81872046,unified_EVP_in_process
Frankfurt,p521_slhdsasha2256f,2ICA,3,151574,49998.46,109.17768956,5.81872046,unified_EVP_in_process
Frankfurt,p521_slhdsasha2256f,3ICA,4,202087,49998.46,109.17768956,5.81872046,unified_EVP_in_process
Frankfurt,p521_slhdsasha2256f,4ICA,5,252589,49998.46,109.17768956,5.81872046,unified_EVP_in_process
Frankfurt,p521_slhdsasha2256s,1ICA,2,60925,29934.52,1047.31997568,4.43844116,unified_EVP_in_process
Frankfurt,p521_slhdsasha2256s,2ICA,3,91381,29934.52,1047.31997568,4.43844116,unified_EVP_in_process
Frankfurt,p521_slhdsasha2256s,3ICA,4,121832,29934.52,1047.31997568,4.43844116,unified_EVP_in_process
Frankfurt,p521_slhdsasha2256s,4ICA,5,152275,29934.52,1047.31997568,4.43844116,unified_EVP_in_process
Frankfurt,p521_slhdsashake256f,1ICA,2,101076,49998.52,167.7769656,7.222276419999999,unified_EVP_in_process
Frankfurt,p521_slhdsashake256f,2ICA,3,151587,49998.52,167.7769656,7.222276419999999,unified_EVP_in_process
Frankfurt,p521_slhdsashake256f,3ICA,4,202094,49998.52,167.7769656,7.222276419999999,unified_EVP_in_process
Frankfurt,p521_slhdsashake256f,4ICA,5,252603,49998.52,167.7769656,7.222276419999999,unified_EVP_in_process
Frankfurt,p521_slhdsashake256s,1ICA,2,60947,29934.46,1616.61844938,5.11808478,unified_EVP_in_process
Frankfurt,p521_slhdsashake256s,2ICA,3,91394,29934.46,1616.61844938,5.11808478,unified_EVP_in_process
Frankfurt,p521_slhdsashake256s,3ICA,4,121840,29934.46,1616.61844938,5.11808478,unified_EVP_in_process
Frankfurt,p521_slhdsashake256s,4ICA,5,152282,29934.46,1616.61844938,5.11808478,unified_EVP_in_process
Frankfurt,p521_snova2965,1ICA,2,7537,596.52,5.3831877,3.41523012,unified_EVP_in_process
Frankfurt,p521_snova2965,2ICA,3,11301,596.52,5.3831877,3.41523012,unified_EVP_in_process
Frankfurt,p521_snova2965,3ICA,4,15054,596.52,5.3831877,3.41523012,unified_EVP_in_process
Frankfurt,p521_snova2965,4ICA,5,18802,596.52,5.3831877,3.41523012,unified_EVP_in_process
Frankfurt,rsa15360_OV_V_pkc,1ICA,2,902886,2184.0,381.7859762,3.42420118,unified_EVP_in_process
Frankfurt,rsa15360_OV_V_pkc,2ICA,3,1354323,2184.0,381.7859762,3.42420118,unified_EVP_in_process
Frankfurt,rsa15360_OV_V_pkc,3ICA,4,1805752,2184.0,381.7859762,3.42420118,unified_EVP_in_process
Frankfurt,rsa15360_OV_V_pkc,4ICA,5,2257175,2184.0,381.7859762,3.42420118,unified_EVP_in_process
Frankfurt,rsa15360_faest256f,1ICA,2,61570,28472.0,494.34215526,93.10324378,unified_EVP_in_process
Frankfurt,rsa15360_faest256f,2ICA,3,92349,28472.0,494.34215526,93.10324378,unified_EVP_in_process
Frankfurt,rsa15360_faest256f,3ICA,4,123120,28472.0,494.34215526,93.10324378,unified_EVP_in_process
Frankfurt,rsa15360_faest256f,4ICA,5,153885,28472.0,494.34215526,93.10324378,unified_EVP_in_process
Frankfurt,rsa15360_faest256s,1ICA,2,49866,22620.0,748.60700174,332.15782172,unified_EVP_in_process
Frankfurt,rsa15360_faest256s,2ICA,3,74793,22620.0,748.60700174,332.15782172,unified_EVP_in_process
Frankfurt,rsa15360_faest256s,3ICA,4,99712,22620.0,748.60700174,332.15782172,unified_EVP_in_process
Frankfurt,rsa15360_faest256s,4ICA,5,124625,22620.0,748.60700174,332.15782172,unified_EVP_in_process
Frankfurt,rsa15360_falcon1024,1ICA,2,14518,3195.02,383.96424888,2.51942338,unified_EVP_in_process
Frankfurt,rsa15360_falcon1024,2ICA,3,21771,3195.02,383.96424888,2.51942338,unified_EVP_in_process
Frankfurt,rsa15360_falcon1024,3ICA,4,28994,3195.02,383.96424888,2.51942338,unified_EVP_in_process
Frankfurt,rsa15360_falcon1024,4ICA,5,36237,3195.02,383.96424888,2.51942338,unified_EVP_in_process
Frankfurt,rsa15360_hawk1024,1ICA,2,15696,3145.0,383.32130728,2.52503728,unified_EVP_in_process
Frankfurt,rsa15360_hawk1024,2ICA,3,23538,3145.0,383.32130728,2.52503728,unified_EVP_in_process
Frankfurt,rsa15360_hawk1024,3ICA,4,31372,3145.0,383.32130728,2.52503728,unified_EVP_in_process
Frankfurt,rsa15360_hawk1024,4ICA,5,39200,3145.0,383.32130728,2.52503728,unified_EVP_in_process
Frankfurt,rsa15360_mayo5,1ICA,2,21398,2888.0,384.01819744,2.9341852399999997,unified_EVP_in_process
Frankfurt,rsa15360_mayo5,2ICA,3,32091,2888.0,384.01819744,2.9341852399999997,unified_EVP_in_process
Frankfurt,rsa15360_mayo5,3ICA,4,42776,2888.0,384.01819744,2.9341852399999997,unified_EVP_in_process
Frankfurt,rsa15360_mayo5,4ICA,5,53455,2888.0,384.01819744,2.9341852399999997,unified_EVP_in_process
Frankfurt,rsa15360_mldsa87,1ICA,2,22808,6551.0,383.86398606,2.55550676,unified_EVP_in_process
Frankfurt,rsa15360_mldsa87,2ICA,3,34205,6551.0,383.86398606,2.55550676,unified_EVP_in_process
Frankfurt,rsa15360_mldsa87,3ICA,4,45596,6551.0,383.86398606,2.55550676,unified_EVP_in_process
Frankfurt,rsa15360_mldsa87,4ICA,5,56980,6551.0,383.86398606,2.55550676,unified_EVP_in_process
Frankfurt,rsa15360_mqom2cat5gf16fastr5,1ICA,2,36206,15696.0,395.61356992000003,13.7049767,unified_EVP_in_process
Frankfurt,rsa15360_mqom2cat5gf16fastr5,2ICA,3,54303,15696.0,395.61356992000003,13.7049767,unified_EVP_in_process
Frankfurt,rsa15360_mqom2cat5gf16fastr5,3ICA,4,72392,15696.0,395.61356992000003,13.7049767,unified_EVP_in_process
Frankfurt,rsa15360_mqom2cat5gf16fastr5,4ICA,5,90475,15696.0,395.61356992000003,13.7049767,unified_EVP_in_process
Frankfurt,rsa15360_qruov5q7l10v1490m190,1ICA,2,280568,2586.0,534.19742318,131.56208114,unified_EVP_in_process
Frankfurt,rsa15360_qruov5q7l10v1490m190,2ICA,3,420846,2586.0,534.19742318,131.56208114,unified_EVP_in_process
Frankfurt,rsa15360_qruov5q7l10v1490m190,3ICA,4,561116,2586.0,534.19742318,131.56208114,unified_EVP_in_process
Frankfurt,rsa15360_qruov5q7l10v1490m190,4ICA,5,701380,2586.0,534.19742318,131.56208114,unified_EVP_in_process
Frankfurt,rsa15360_sdithhypercubecat5gf256,1ICA,2,76770,35848.0,453.64436636,68.24397818,unified_EVP_in_process
Frankfurt,rsa15360_sdithhypercubecat5gf256,2ICA,3,115149,35848.0,453.64436636,68.24397818,unified_EVP_in_process
Frankfurt,rsa15360_sdithhypercubecat5gf256,3ICA,4,153520,35848.0,453.64436636,68.24397818,unified_EVP_in_process
Frankfurt,rsa15360_sdithhypercubecat5gf256,4ICA,5,191885,35848.0,453.64436636,68.24397818,unified_EVP_in_process
Frankfurt,rsa15360_sdiththresholdcat5gf256,1ICA,2,97642,46410.72,407.06073724000004,7.563139619999999,unified_EVP_in_process
Frankfurt,rsa15360_sdiththresholdcat5gf256,2ICA,3,146809,46410.72,407.06073724000004,7.563139619999999,unified_EVP_in_process
Frankfurt,rsa15360_sdiththresholdcat5gf256,3ICA,4,195264,46410.72,407.06073724000004,7.563139619999999,unified_EVP_in_process
Frankfurt,rsa15360_sdiththresholdcat5gf256,4ICA,5,244225,46410.72,407.06073724000004,7.563139619999999,unified_EVP_in_process
Frankfurt,rsa15360_slhdsasha2256f,1ICA,2,108238,51780.0,489.88514012,5.25175732,unified_EVP_in_process
Frankfurt,rsa15360_slhdsasha2256f,2ICA,3,162351,51780.0,489.88514012,5.25175732,unified_EVP_in_process
Frankfurt,rsa15360_slhdsasha2256f,3ICA,4,216456,51780.0,489.88514012,5.25175732,unified_EVP_in_process
Frankfurt,rsa15360_slhdsasha2256f,4ICA,5,270555,51780.0,489.88514012,5.25175732,unified_EVP_in_process
Frankfurt,rsa15360_slhdsasha2256s,1ICA,2,68110,31716.0,1426.8765470399999,3.8429913,unified_EVP_in_process
Frankfurt,rsa15360_slhdsasha2256s,2ICA,3,102159,31716.0,1426.8765470399999,3.8429913,unified_EVP_in_process
Frankfurt,rsa15360_slhdsasha2256s,3ICA,4,136200,31716.0,1426.8765470399999,3.8429913,unified_EVP_in_process
Frankfurt,rsa15360_slhdsasha2256s,4ICA,5,170235,31716.0,1426.8765470399999,3.8429913,unified_EVP_in_process
Frankfurt,rsa15360_slhdsashake256f,1ICA,2,108260,51780.0,539.25752268,6.87321506,unified_EVP_in_process
Frankfurt,rsa15360_slhdsashake256f,2ICA,3,162363,51780.0,539.25752268,6.87321506,unified_EVP_in_process
Frankfurt,rsa15360_slhdsashake256f,3ICA,4,216464,51780.0,539.25752268,6.87321506,unified_EVP_in_process
Frankfurt,rsa15360_slhdsashake256f,4ICA,5,270565,51780.0,539.25752268,6.87321506,unified_EVP_in_process
Frankfurt,rsa15360_slhdsashake256s,1ICA,2,68132,31716.0,1997.4611317999997,4.7171086,unified_EVP_in_process
Frankfurt,rsa15360_slhdsashake256s,2ICA,3,102171,31716.0,1997.4611317999997,4.7171086,unified_EVP_in_process
Frankfurt,rsa15360_slhdsashake256s,3ICA,4,136208,31716.0,1997.4611317999997,4.7171086,unified_EVP_in_process
Frankfurt,rsa15360_slhdsashake256s,4ICA,5,170245,31716.0,1997.4611317999997,4.7171086,unified_EVP_in_process
Frankfurt,rsa15360_snova2965,1ICA,2,14718,2378.0,385.8499908,2.9516253,unified_EVP_in_process
Frankfurt,rsa15360_snova2965,2ICA,3,22071,2378.0,385.8499908,2.9516253,unified_EVP_in_process
Frankfurt,rsa15360_snova2965,3ICA,4,29416,2378.0,385.8499908,2.9516253,unified_EVP_in_process
Frankfurt,rsa15360_snova2965,4ICA,5,36755,2378.0,385.8499908,2.9516253,unified_EVP_in_process
Frankfurt,rsa3072_OV_Ip_pkc,1ICA,2,89638,516.0,4.02323502,0.88688536,unified_EVP_in_process
Frankfurt,rsa3072_OV_Ip_pkc,2ICA,3,134451,516.0,4.02323502,0.88688536,unified_EVP_in_process
Frankfurt,rsa3072_OV_Ip_pkc,3ICA,4,179256,516.0,4.02323502,0.88688536,unified_EVP_in_process
Frankfurt,rsa3072_OV_Ip_pkc,4ICA,5,224055,516.0,4.02323502,0.88688536,unified_EVP_in_process
Frankfurt,rsa3072_OV_Is_pkc,1ICA,2,135582,484.0,4.09570438,0.9527275000000001,unified_EVP_in_process
Frankfurt,rsa3072_OV_Is_pkc,2ICA,3,203367,484.0,4.09570438,0.9527275000000001,unified_EVP_in_process
Frankfurt,rsa3072_OV_Is_pkc,3ICA,4,271144,484.0,4.09570438,0.9527275000000001,unified_EVP_in_process
Frankfurt,rsa3072_OV_Is_pkc,4ICA,5,338915,484.0,4.09570438,0.9527275000000001,unified_EVP_in_process
Frankfurt,rsa3072_faest128f,1ICA,2,14142,6312.0,21.76768756,14.82357624,unified_EVP_in_process
Frankfurt,rsa3072_faest128f,2ICA,3,21207,6312.0,21.76768756,14.82357624,unified_EVP_in_process
Frankfurt,rsa3072_faest128f,3ICA,4,28264,6312.0,21.76768756,14.82357624,unified_EVP_in_process
Frankfurt,rsa3072_faest128f,4ICA,5,35315,6312.0,21.76768756,14.82357624,unified_EVP_in_process
Frankfurt,rsa3072_faest128s,1ICA,2,11306,4894.0,59.99939146,49.40532346,unified_EVP_in_process
Frankfurt,rsa3072_faest128s,2ICA,3,16953,4894.0,59.99939146,49.40532346,unified_EVP_in_process
Frankfurt,rsa3072_faest128s,3ICA,4,22592,4894.0,59.99939146,49.40532346,unified_EVP_in_process
Frankfurt,rsa3072_faest128s,4ICA,5,28225,4894.0,59.99939146,49.40532346,unified_EVP_in_process
Frankfurt,rsa3072_falcon512,1ICA,2,5327,1043.24,4.33375998,0.9256736,unified_EVP_in_process
Frankfurt,rsa3072_falcon512,2ICA,3,7986,1043.24,4.33375998,0.9256736,unified_EVP_in_process
Frankfurt,rsa3072_falcon512,3ICA,4,10630,1043.24,4.33375998,0.9256736,unified_EVP_in_process
Frankfurt,rsa3072_falcon512,4ICA,5,13276,1043.24,4.33375998,0.9256736,unified_EVP_in_process
Frankfurt,rsa3072_hawk512,1ICA,2,5380,943.0,4.0367986,0.8215025,unified_EVP_in_process
Frankfurt,rsa3072_hawk512,2ICA,3,8064,943.0,4.0367986,0.8215025,unified_EVP_in_process
Frankfurt,rsa3072_hawk512,3ICA,4,10740,943.0,4.0367986,0.8215025,unified_EVP_in_process
Frankfurt,rsa3072_hawk512,4ICA,5,13410,943.0,4.0367986,0.8215025,unified_EVP_in_process
Frankfurt,rsa3072_mayo1,1ICA,2,5962,842.0,4.36549356,0.9012835200000001,unified_EVP_in_process
Frankfurt,rsa3072_mayo1,2ICA,3,8937,842.0,4.36549356,0.9012835200000001,unified_EVP_in_process
Frankfurt,rsa3072_mayo1,3ICA,4,11904,842.0,4.36549356,0.9012835200000001,unified_EVP_in_process
Frankfurt,rsa3072_mayo1,4ICA,5,14865,842.0,4.36549356,0.9012835200000001,unified_EVP_in_process
Frankfurt,rsa3072_mayo2,1ICA,2,12410,574.0,4.14839266,0.8009593599999999,unified_EVP_in_process
Frankfurt,rsa3072_mayo2,2ICA,3,18609,574.0,4.14839266,0.8009593599999999,unified_EVP_in_process
Frankfurt,rsa3072_mayo2,3ICA,4,24800,574.0,4.14839266,0.8009593599999999,unified_EVP_in_process
Frankfurt,rsa3072_mayo2,4ICA,5,30985,574.0,4.14839266,0.8009593599999999,unified_EVP_in_process
Frankfurt,rsa3072_mldsa44,1ICA,2,9680,2808.0,4.1725179400000005,0.90453046,unified_EVP_in_process
Frankfurt,rsa3072_mldsa44,2ICA,3,14514,2808.0,4.1725179400000005,0.90453046,unified_EVP_in_process
Frankfurt,rsa3072_mldsa44,3ICA,4,19340,2808.0,4.1725179400000005,0.90453046,unified_EVP_in_process
Frankfurt,rsa3072_mldsa44,4ICA,5,24160,2808.0,4.1725179400000005,0.90453046,unified_EVP_in_process
Frankfurt,rsa3072_mqom2cat1gf16fastr5,1ICA,2,8950,3668.0,5.54430832,2.08246284,unified_EVP_in_process
Frankfurt,rsa3072_mqom2cat1gf16fastr5,2ICA,3,13419,3668.0,5.54430832,2.08246284,unified_EVP_in_process
Frankfurt,rsa3072_mqom2cat1gf16fastr5,3ICA,4,17880,3668.0,5.54430832,2.08246284,unified_EVP_in_process
Frankfurt,rsa3072_mqom2cat1gf16fastr5,4ICA,5,22335,3668.0,5.54430832,2.08246284,unified_EVP_in_process
Frankfurt,rsa3072_qruov1q7l10v740m100,1ICA,2,44214,719.0,23.65556396,18.36988412,unified_EVP_in_process
Frankfurt,rsa3072_qruov1q7l10v740m100,2ICA,3,66315,719.0,23.65556396,18.36988412,unified_EVP_in_process
Frankfurt,rsa3072_qruov1q7l10v740m100,3ICA,4,88408,719.0,23.65556396,18.36988412,unified_EVP_in_process
Frankfurt,rsa3072_qruov1q7l10v740m100,4ICA,5,110495,719.0,23.65556396,18.36988412,unified_EVP_in_process
Frankfurt,rsa3072_sdithhypercubecat1gf256,1ICA,2,19542,8884.0,18.1181725,14.184322239999998,unified_EVP_in_process
Frankfurt,rsa3072_sdithhypercubecat1gf256,2ICA,3,29307,8884.0,18.1181725,14.184322239999998,unified_EVP_in_process
Frankfurt,rsa3072_sdithhypercubecat1gf256,3ICA,4,39064,8884.0,18.1181725,14.184322239999998,unified_EVP_in_process
Frankfurt,rsa3072_sdithhypercubecat1gf256,4ICA,5,48815,8884.0,18.1181725,14.184322239999998,unified_EVP_in_process
Frankfurt,rsa3072_sdiththresholdcat1gf256,1ICA,2,23430,10736.48,9.9400593,1.7790385,unified_EVP_in_process
Frankfurt,rsa3072_sdiththresholdcat1gf256,2ICA,3,35091,10736.48,9.9400593,1.7790385,unified_EVP_in_process
Frankfurt,rsa3072_sdiththresholdcat1gf256,3ICA,4,46680,10736.48,9.9400593,1.7790385,unified_EVP_in_process
Frankfurt,rsa3072_sdiththresholdcat1gf256,4ICA,5,58711,10736.48,9.9400593,1.7790385,unified_EVP_in_process
Frankfurt,rsa3072_slhdsasha2128f,1ICA,2,36490,17476.0,35.14300076,2.81801806,unified_EVP_in_process
Frankfurt,rsa3072_slhdsasha2128f,2ICA,3,54729,17476.0,35.14300076,2.81801806,unified_EVP_in_process
Frankfurt,rsa3072_slhdsasha2128f,3ICA,4,72960,17476.0,35.14300076,2.81801806,unified_EVP_in_process
Frankfurt,rsa3072_slhdsasha2128f,4ICA,5,91185,17476.0,35.14300076,2.81801806,unified_EVP_in_process
Frankfurt,rsa3072_slhdsasha2128s,1ICA,2,18026,8244.0,651.8047660799999,1.66218834,unified_EVP_in_process
Frankfurt,rsa3072_slhdsasha2128s,2ICA,3,27033,8244.0,651.8047660799999,1.66218834,unified_EVP_in_process
Frankfurt,rsa3072_slhdsasha2128s,3ICA,4,36032,8244.0,651.8047660799999,1.66218834,unified_EVP_in_process
Frankfurt,rsa3072_slhdsasha2128s,4ICA,5,45025,8244.0,651.8047660799999,1.66218834,unified_EVP_in_process
Frankfurt,rsa3072_slhdsashake128f,1ICA,2,36512,17476.0,52.37526628,3.79062138,unified_EVP_in_process
Frankfurt,rsa3072_slhdsashake128f,2ICA,3,54741,17476.0,52.37526628,3.79062138,unified_EVP_in_process
Frankfurt,rsa3072_slhdsashake128f,3ICA,4,72968,17476.0,52.37526628,3.79062138,unified_EVP_in_process
Frankfurt,rsa3072_slhdsashake128f,4ICA,5,91195,17476.0,52.37526628,3.79062138,unified_EVP_in_process
Frankfurt,rsa3072_slhdsashake128s,1ICA,2,18048,8244.0,1007.46629116,1.8901583199999998,unified_EVP_in_process
Frankfurt,rsa3072_slhdsashake128s,2ICA,3,27045,8244.0,1007.46629116,1.8901583199999998,unified_EVP_in_process
Frankfurt,rsa3072_slhdsashake128s,3ICA,4,36040,8244.0,1007.46629116,1.8901583199999998,unified_EVP_in_process
Frankfurt,rsa3072_slhdsashake128s,4ICA,5,45035,8244.0,1007.46629116,1.8901583199999998,unified_EVP_in_process
Frankfurt,rsa3072_snova2454,1ICA,2,4758,636.0,4.63330394,0.9374242599999999,unified_EVP_in_process
Frankfurt,rsa3072_snova2454,2ICA,3,7131,636.0,4.63330394,0.9374242599999999,unified_EVP_in_process
Frankfurt,rsa3072_snova2454,3ICA,4,9496,636.0,4.63330394,0.9374242599999999,unified_EVP_in_process
Frankfurt,rsa3072_snova2454,4ICA,5,11855,636.0,4.63330394,0.9374242599999999,unified_EVP_in_process
Frankfurt,rsa3072_snova37172,1ICA,2,22166,512.0,4.57019544,0.86956652,unified_EVP_in_process
Frankfurt,rsa3072_snova37172,2ICA,3,33243,512.0,4.57019544,0.86956652,unified_EVP_in_process
Frankfurt,rsa3072_snova37172,3ICA,4,44312,512.0,4.57019544,0.86956652,unified_EVP_in_process
Frankfurt,rsa3072_snova37172,4ICA,5,55375,512.0,4.57019544,0.86956652,unified_EVP_in_process
Frankfurt,rsa7680_OV_III_pkc,1ICA,2,383410,1164.0,71.56604716,1.67354382,unified_EVP_in_process
Frankfurt,rsa7680_OV_III_pkc,2ICA,3,575109,1164.0,71.56604716,1.67354382,unified_EVP_in_process
Frankfurt,rsa7680_OV_III_pkc,3ICA,4,766800,1164.0,71.56604716,1.67354382,unified_EVP_in_process
Frankfurt,rsa7680_OV_III_pkc,4ICA,5,958485,1164.0,71.56604716,1.67354382,unified_EVP_in_process
Frankfurt,rsa7680_faest192f,1ICA,2,34526,15912.0,163.1139054,66.9427158,unified_EVP_in_process
Frankfurt,rsa7680_faest192f,2ICA,3,51783,15912.0,163.1139054,66.9427158,unified_EVP_in_process
Frankfurt,rsa7680_faest192f,3ICA,4,69032,15912.0,163.1139054,66.9427158,unified_EVP_in_process
Frankfurt,rsa7680_faest192f,4ICA,5,86275,15912.0,163.1139054,66.9427158,unified_EVP_in_process
Frankfurt,rsa7680_faest192s,1ICA,2,27150,12224.0,293.46916304,182.1834723,unified_EVP_in_process
Frankfurt,rsa7680_faest192s,2ICA,3,40719,12224.0,293.46916304,182.1834723,unified_EVP_in_process
Frankfurt,rsa7680_faest192s,3ICA,4,54280,12224.0,293.46916304,182.1834723,unified_EVP_in_process
Frankfurt,rsa7680_faest192s,4ICA,5,67835,12224.0,293.46916304,182.1834723,unified_EVP_in_process
Frankfurt,rsa7680_mayo3,1ICA,2,11852,1645.0,73.70216185999999,1.4500411199999999,unified_EVP_in_process
Frankfurt,rsa7680_mayo3,2ICA,3,17772,1645.0,73.70216185999999,1.4500411199999999,unified_EVP_in_process
Frankfurt,rsa7680_mayo3,3ICA,4,23684,1645.0,73.70216185999999,1.4500411199999999,unified_EVP_in_process
Frankfurt,rsa7680_mayo3,4ICA,5,29590,1645.0,73.70216185999999,1.4500411199999999,unified_EVP_in_process
Frankfurt,rsa7680_mldsa65,1ICA,2,15048,4273.0,72.04748330000001,1.39545922,unified_EVP_in_process
Frankfurt,rsa7680_mldsa65,2ICA,3,22566,4273.0,72.04748330000001,1.39545922,unified_EVP_in_process
Frankfurt,rsa7680_mldsa65,3ICA,4,30076,4273.0,72.04748330000001,1.39545922,unified_EVP_in_process
Frankfurt,rsa7680_mldsa65,4ICA,5,37580,4273.0,72.04748330000001,1.39545922,unified_EVP_in_process
Frankfurt,rsa7680_mqom2cat3gf16fastr5,1ICA,2,20230,8702.0,76.89064669999999,6.392504679999999,unified_EVP_in_process
Frankfurt,rsa7680_mqom2cat3gf16fastr5,2ICA,3,30339,8702.0,76.89064669999999,6.392504679999999,unified_EVP_in_process
Frankfurt,rsa7680_mqom2cat3gf16fastr5,3ICA,4,40440,8702.0,76.89064669999999,6.392504679999999,unified_EVP_in_process
Frankfurt,rsa7680_mqom2cat3gf16fastr5,4ICA,5,50535,8702.0,76.89064669999999,6.392504679999999,unified_EVP_in_process
Frankfurt,rsa7680_qruov3q7l10v1100m140,1ICA,2,115854,1453.0,132.72765798,54.744867940000006,unified_EVP_in_process
Frankfurt,rsa7680_qruov3q7l10v1100m140,2ICA,3,173775,1453.0,132.72765798,54.744867940000006,unified_EVP_in_process
Frankfurt,rsa7680_qruov3q7l10v1100m140,3ICA,4,231688,1453.0,132.72765798,54.744867940000006,unified_EVP_in_process
Frankfurt,rsa7680_qruov3q7l10v1100m140,4ICA,5,289595,1453.0,132.72765798,54.744867940000006,unified_EVP_in_process
Frankfurt,rsa7680_sdithhypercubecat3gf256,1ICA,2,44038,20508.0,109.77353826000001,37.012517980000005,unified_EVP_in_process
Frankfurt,rsa7680_sdithhypercubecat3gf256,2ICA,3,66051,20508.0,109.77353826000001,37.012517980000005,unified_EVP_in_process
Frankfurt,rsa7680_sdithhypercubecat3gf256,3ICA,4,88056,20508.0,109.77353826000001,37.012517980000005,unified_EVP_in_process
Frankfurt,rsa7680_sdithhypercubecat3gf256,4ICA,5,110055,20508.0,109.77353826000001,37.012517980000005,unified_EVP_in_process
Frankfurt,rsa7680_sdiththresholdcat3gf256,1ICA,2,55910,26209.76,86.3781107,4.21132248,unified_EVP_in_process
Frankfurt,rsa7680_sdiththresholdcat3gf256,2ICA,3,82947,26209.76,86.3781107,4.21132248,unified_EVP_in_process
Frankfurt,rsa7680_sdiththresholdcat3gf256,3ICA,4,111656,26209.76,86.3781107,4.21132248,unified_EVP_in_process
Frankfurt,rsa7680_sdiththresholdcat3gf256,4ICA,5,137863,26209.76,86.3781107,4.21132248,unified_EVP_in_process
Frankfurt,rsa7680_slhdsasha2192f,1ICA,2,75978,36628.0,125.63753182,4.06232404,unified_EVP_in_process
Frankfurt,rsa7680_slhdsasha2192f,2ICA,3,113961,36628.0,125.63753182,4.06232404,unified_EVP_in_process
Frankfurt,rsa7680_slhdsasha2192f,3ICA,4,151936,36628.0,125.63753182,4.06232404,unified_EVP_in_process
Frankfurt,rsa7680_slhdsasha2192f,4ICA,5,189905,36628.0,125.63753182,4.06232404,unified_EVP_in_process
Frankfurt,rsa7680_slhdsasha2192s,1ICA,2,37098,17188.0,1246.85192182,2.18208894,unified_EVP_in_process
Frankfurt,rsa7680_slhdsasha2192s,2ICA,3,55641,17188.0,1246.85192182,2.18208894,unified_EVP_in_process
Frankfurt,rsa7680_slhdsasha2192s,3ICA,4,74176,17188.0,1246.85192182,2.18208894,unified_EVP_in_process
Frankfurt,rsa7680_slhdsasha2192s,4ICA,5,92705,17188.0,1246.85192182,2.18208894,unified_EVP_in_process
Frankfurt,rsa7680_slhdsashake192f,1ICA,2,76000,36628.0,150.92034698,5.4079058,unified_EVP_in_process
Frankfurt,rsa7680_slhdsashake192f,2ICA,3,113973,36628.0,150.92034698,5.4079058,unified_EVP_in_process
Frankfurt,rsa7680_slhdsashake192f,3ICA,4,151944,36628.0,150.92034698,5.4079058,unified_EVP_in_process
Frankfurt,rsa7680_slhdsashake192f,4ICA,5,189915,36628.0,150.92034698,5.4079058,unified_EVP_in_process
Frankfurt,rsa7680_slhdsashake192s,1ICA,2,37120,17188.0,1867.9482877,2.79668212,unified_EVP_in_process
Frankfurt,rsa7680_slhdsashake192s,2ICA,3,55653,17188.0,1867.9482877,2.79668212,unified_EVP_in_process
Frankfurt,rsa7680_slhdsashake192s,3ICA,4,74184,17188.0,1867.9482877,2.79668212,unified_EVP_in_process
Frankfurt,rsa7680_slhdsashake192s,4ICA,5,92715,17188.0,1867.9482877,2.79668212,unified_EVP_in_process
Frankfurt,rsa7680_snova2455,1ICA,2,8450,1343.0,73.20245713999999,1.6855383000000002,unified_EVP_in_process
Frankfurt,rsa7680_snova2455,2ICA,3,12668,1343.0,73.20245713999999,1.6855383000000002,unified_EVP_in_process
Frankfurt,rsa7680_snova2455,3ICA,4,16880,1343.0,73.20245713999999,1.6855383000000002,unified_EVP_in_process
Frankfurt,rsa7680_snova2455,4ICA,5,21085,1343.0,73.20245713999999,1.6855383000000002,unified_EVP_in_process
Seoul,p256_OV_Ip_pkc,1ICA,2,88331,202.9,0.90108348,0.7857322999999999,unified_EVP_in_process
Seoul,p256_OV_Ip_pkc,2ICA,3,132491,202.9,0.90108348,0.7857322999999999,unified_EVP_in_process
Seoul,p256_OV_Ip_pkc,3ICA,4,176643,202.9,0.90108348,0.7857322999999999,unified_EVP_in_process
Seoul,p256_OV_Ip_pkc,4ICA,5,220791,202.9,0.90108348,0.7857322999999999,unified_EVP_in_process
Seoul,p256_OV_Is_pkc,1ICA,2,134276,171.02,0.9254946,0.87171858,unified_EVP_in_process
Seoul,p256_OV_Is_pkc,2ICA,3,201408,171.02,0.9254946,0.87171858,unified_EVP_in_process
Seoul,p256_OV_Is_pkc,3ICA,4,268530,171.02,0.9254946,0.87171858,unified_EVP_in_process
Seoul,p256_OV_Is_pkc,4ICA,5,335650,171.02,0.9254946,0.87171858,unified_EVP_in_process
Seoul,p256_faest128f,1ICA,2,12830,5998.92,18.4113905,14.8219531,unified_EVP_in_process
Seoul,p256_faest128f,2ICA,3,19239,5998.92,18.4113905,14.8219531,unified_EVP_in_process
Seoul,p256_faest128f,3ICA,4,25640,5998.92,18.4113905,14.8219531,unified_EVP_in_process
Seoul,p256_faest128f,4ICA,5,32036,5998.92,18.4113905,14.8219531,unified_EVP_in_process
Seoul,p256_faest128s,1ICA,2,9993,4581.0,57.55708306,49.375288579999996,unified_EVP_in_process
Seoul,p256_faest128s,2ICA,3,14984,4581.0,57.55708306,49.375288579999996,unified_EVP_in_process
Seoul,p256_faest128s,3ICA,4,19967,4581.0,57.55708306,49.375288579999996,unified_EVP_in_process
Seoul,p256_faest128s,4ICA,5,24946,4581.0,57.55708306,49.375288579999996,unified_EVP_in_process
Seoul,p256_falcon512,1ICA,2,4020,730.5,1.06072312,0.82178278,unified_EVP_in_process
Seoul,p256_falcon512,2ICA,3,6035,730.5,1.06072312,0.82178278,unified_EVP_in_process
Seoul,p256_falcon512,3ICA,4,8026,730.5,1.06072312,0.82178278,unified_EVP_in_process
Seoul,p256_falcon512,4ICA,5,10023,730.5,1.06072312,0.82178278,unified_EVP_in_process
Seoul,p256_hawk512,1ICA,2,4077,630.04,0.8849465000000001,0.75048232,unified_EVP_in_process
Seoul,p256_hawk512,2ICA,3,6109,630.04,0.8849465000000001,0.75048232,unified_EVP_in_process
Seoul,p256_hawk512,3ICA,4,8131,630.04,0.8849465000000001,0.75048232,unified_EVP_in_process
Seoul,p256_hawk512,4ICA,5,10151,630.04,0.8849465000000001,0.75048232,unified_EVP_in_process
Seoul,p256_mayo1,1ICA,2,4658,529.1,1.0786795200000001,0.85828528,unified_EVP_in_process
Seoul,p256_mayo1,2ICA,3,6981,529.1,1.0786795200000001,0.85828528,unified_EVP_in_process
Seoul,p256_mayo1,3ICA,4,9295,529.1,1.0786795200000001,0.85828528,unified_EVP_in_process
Seoul,p256_mayo1,4ICA,5,11605,529.1,1.0786795200000001,0.85828528,unified_EVP_in_process
Seoul,p256_mayo2,1ICA,2,11105,261.0,0.9758090799999999,0.74838206,unified_EVP_in_process
Seoul,p256_mayo2,2ICA,3,16653,261.0,0.9758090799999999,0.74838206,unified_EVP_in_process
Seoul,p256_mayo2,3ICA,4,22191,261.0,0.9758090799999999,0.74838206,unified_EVP_in_process
Seoul,p256_mayo2,4ICA,5,27724,261.0,0.9758090799999999,0.74838206,unified_EVP_in_process
Seoul,p256_mldsa44,1ICA,2,8378,2495.06,0.9513522999999999,0.8061123600000001,unified_EVP_in_process
Seoul,p256_mldsa44,2ICA,3,12558,2495.06,0.9513522999999999,0.8061123600000001,unified_EVP_in_process
Seoul,p256_mldsa44,3ICA,4,16731,2495.06,0.9513522999999999,0.8061123600000001,unified_EVP_in_process
Seoul,p256_mldsa44,4ICA,5,20899,2495.06,0.9513522999999999,0.8061123600000001,unified_EVP_in_process
Seoul,p256_mqom2cat1gf16fastr5,1ICA,2,7642,3354.94,2.22406376,2.0890395,unified_EVP_in_process
Seoul,p256_mqom2cat1gf16fastr5,2ICA,3,11457,3354.94,2.22406376,2.0890395,unified_EVP_in_process
Seoul,p256_mqom2cat1gf16fastr5,3ICA,4,15264,3354.94,2.22406376,2.0890395,unified_EVP_in_process
Seoul,p256_mqom2cat1gf16fastr5,4ICA,5,19065,3354.94,2.22406376,2.0890395,unified_EVP_in_process
Seoul,p256_qruov1q7l10v740m100,1ICA,2,42911,405.9,20.33658782,18.45057934,unified_EVP_in_process
Seoul,p256_qruov1q7l10v740m100,2ICA,3,64359,405.9,20.33658782,18.45057934,unified_EVP_in_process
Seoul,p256_qruov1q7l10v740m100,3ICA,4,85798,405.9,20.33658782,18.45057934,unified_EVP_in_process
Seoul,p256_qruov1q7l10v740m100,4ICA,5,107237,405.9,20.33658782,18.45057934,unified_EVP_in_process
Seoul,p256_sdithhypercubecat1gf256,1ICA,2,18234,8571.0,14.67059934,14.1640829,unified_EVP_in_process
Seoul,p256_sdithhypercubecat1gf256,2ICA,3,27347,8571.0,14.67059934,14.1640829,unified_EVP_in_process
Seoul,p256_sdithhypercubecat1gf256,3ICA,4,36448,8571.0,14.67059934,14.1640829,unified_EVP_in_process
Seoul,p256_sdithhypercubecat1gf256,4ICA,5,45547,8571.0,14.67059934,14.1640829,unified_EVP_in_process
Seoul,p256_sdiththresholdcat1gf256,1ICA,2,21995,10423.96,6.62881542,1.8260273599999999,unified_EVP_in_process
Seoul,p256_sdiththresholdcat1gf256,2ICA,3,33065,10423.96,6.62881542,1.8260273599999999,unified_EVP_in_process
Seoul,p256_sdiththresholdcat1gf256,3ICA,4,44352,10423.96,6.62881542,1.8260273599999999,unified_EVP_in_process
Seoul,p256_sdiththresholdcat1gf256,4ICA,5,54992,10423.96,6.62881542,1.8260273599999999,unified_EVP_in_process
Seoul,p256_slhdsasha2128f,1ICA,2,35179,17163.06,31.76290082,2.89286264,unified_EVP_in_process
Seoul,p256_slhdsasha2128f,2ICA,3,52760,17163.06,31.76290082,2.89286264,unified_EVP_in_process
Seoul,p256_slhdsasha2128f,3ICA,4,70335,17163.06,31.76290082,2.89286264,unified_EVP_in_process
Seoul,p256_slhdsasha2128f,4ICA,5,87907,17163.06,31.76290082,2.89286264,unified_EVP_in_process
Seoul,p256_slhdsasha2128s,1ICA,2,16714,7930.94,647.4048328,1.6909886399999998,unified_EVP_in_process
Seoul,p256_slhdsasha2128s,2ICA,3,25066,7930.94,647.4048328,1.6909886399999998,unified_EVP_in_process
Seoul,p256_slhdsasha2128s,3ICA,4,33408,7930.94,647.4048328,1.6909886399999998,unified_EVP_in_process
Seoul,p256_slhdsasha2128s,4ICA,5,41746,7930.94,647.4048328,1.6909886399999998,unified_EVP_in_process
Seoul,p256_slhdsashake128f,1ICA,2,35200,17163.04,49.17877198,3.84715992,unified_EVP_in_process
Seoul,p256_slhdsashake128f,2ICA,3,52775,17163.04,49.17877198,3.84715992,unified_EVP_in_process
Seoul,p256_slhdsashake128f,3ICA,4,70346,17163.04,49.17877198,3.84715992,unified_EVP_in_process
Seoul,p256_slhdsashake128f,4ICA,5,87916,17163.04,49.17877198,3.84715992,unified_EVP_in_process
Seoul,p256_slhdsashake128s,1ICA,2,16736,7930.8,1005.76495102,1.97889422,unified_EVP_in_process
Seoul,p256_slhdsashake128s,2ICA,3,25076,7930.8,1005.76495102,1.97889422,unified_EVP_in_process
Seoul,p256_slhdsashake128s,3ICA,4,33416,7930.8,1005.76495102,1.97889422,unified_EVP_in_process
Seoul,p256_slhdsashake128s,4ICA,5,41756,7930.8,1005.76495102,1.97889422,unified_EVP_in_process
Seoul,p256_snova2454,1ICA,2,3454,322.92,1.31802292,0.927708,unified_EVP_in_process
Seoul,p256_snova2454,2ICA,3,5177,322.92,1.31802292,0.927708,unified_EVP_in_process
Seoul,p256_snova2454,3ICA,4,6889,322.92,1.31802292,0.927708,unified_EVP_in_process
Seoul,p256_snova2454,4ICA,5,8591,322.92,1.31802292,0.927708,unified_EVP_in_process
Seoul,p256_snova37172,1ICA,2,20859,198.96,1.26366836,0.9083140000000001,unified_EVP_in_process
Seoul,p256_snova37172,2ICA,3,31282,198.96,1.26366836,0.9083140000000001,unified_EVP_in_process
Seoul,p256_snova37172,3ICA,4,41702,198.96,1.26366836,0.9083140000000001,unified_EVP_in_process
Seoul,p256_snova37172,4ICA,5,52106,198.96,1.26366836,0.9083140000000001,unified_EVP_in_process
Seoul,p384_OV_III_pkc,1ICA,2,379928,306.98,2.0463482600000003,2.13562614,unified_EVP_in_process
Seoul,p384_OV_III_pkc,2ICA,3,569889,306.98,2.0463482600000003,2.13562614,unified_EVP_in_process
Seoul,p384_OV_III_pkc,3ICA,4,759837,306.98,2.0463482600000003,2.13562614,unified_EVP_in_process
Seoul,p384_OV_III_pkc,4ICA,5,949784,306.98,2.0463482600000003,2.13562614,unified_EVP_in_process
Seoul,p384_faest192f,1ICA,2,31041,15054.94,93.64197136000001,67.80376652,unified_EVP_in_process
Seoul,p384_faest192f,2ICA,3,46557,15054.94,93.64197136000001,67.80376652,unified_EVP_in_process
Seoul,p384_faest192f,3ICA,4,62063,15054.94,93.64197136000001,67.80376652,unified_EVP_in_process
Seoul,p384_faest192f,4ICA,5,77567,15054.94,93.64197136000001,67.80376652,unified_EVP_in_process
Seoul,p384_faest192s,1ICA,2,23667,11367.16,220.0438208,182.91594146,unified_EVP_in_process
Seoul,p384_faest192s,2ICA,3,35494,11367.16,220.0438208,182.91594146,unified_EVP_in_process
Seoul,p384_faest192s,3ICA,4,47312,11367.16,220.0438208,182.91594146,unified_EVP_in_process
Seoul,p384_faest192s,4ICA,5,59125,11367.16,220.0438208,182.91594146,unified_EVP_in_process
Seoul,p384_mayo3,1ICA,2,8370,788.04,2.2724699200000003,2.00539656,unified_EVP_in_process
Seoul,p384_mayo3,2ICA,3,12551,788.04,2.2724699200000003,2.00539656,unified_EVP_in_process
Seoul,p384_mayo3,3ICA,4,16724,788.04,2.2724699200000003,2.00539656,unified_EVP_in_process
Seoul,p384_mayo3,4ICA,5,20891,788.04,2.2724699200000003,2.00539656,unified_EVP_in_process
Seoul,p384_mldsa65,1ICA,2,11563,3416.1,2.05514732,1.73349262,unified_EVP_in_process
Seoul,p384_mldsa65,2ICA,3,17336,3416.1,2.05514732,1.73349262,unified_EVP_in_process
Seoul,p384_mldsa65,3ICA,4,23106,3416.1,2.05514732,1.73349262,unified_EVP_in_process
Seoul,p384_mldsa65,4ICA,5,28865,3416.1,2.05514732,1.73349262,unified_EVP_in_process
Seoul,p384_mqom2cat3gf16fastr5,1ICA,2,16746,7845.04,7.27746474,6.86079584,unified_EVP_in_process
Seoul,p384_mqom2cat3gf16fastr5,2ICA,3,25115,7845.04,7.27746474,6.86079584,unified_EVP_in_process
Seoul,p384_mqom2cat3gf16fastr5,3ICA,4,33473,7845.04,7.27746474,6.86079584,unified_EVP_in_process
Seoul,p384_mqom2cat3gf16fastr5,4ICA,5,41825,7845.04,7.27746474,6.86079584,unified_EVP_in_process
Seoul,p384_qruov3q7l10v1100m140,1ICA,2,112375,595.9,63.10548558000001,55.393655360000004,unified_EVP_in_process
Seoul,p384_qruov3q7l10v1100m140,2ICA,3,168554,595.9,63.10548558000001,55.393655360000004,unified_EVP_in_process
Seoul,p384_qruov3q7l10v1100m140,3ICA,4,224729,595.9,63.10548558000001,55.393655360000004,unified_EVP_in_process
Seoul,p384_qruov3q7l10v1100m140,4ICA,5,280896,595.9,63.10548558000001,55.393655360000004,unified_EVP_in_process
Seoul,p384_sdithhypercubecat3gf256,1ICA,2,40558,19650.86,40.03705978,37.379671880000004,unified_EVP_in_process
Seoul,p384_sdithhypercubecat3gf256,2ICA,3,60830,19650.86,40.03705978,37.379671880000004,unified_EVP_in_process
Seoul,p384_sdithhypercubecat3gf256,3ICA,4,81096,19650.86,40.03705978,37.379671880000004,unified_EVP_in_process
Seoul,p384_sdithhypercubecat3gf256,4ICA,5,101356,19650.86,40.03705978,37.379671880000004,unified_EVP_in_process
Seoul,p384_sdiththresholdcat3gf256,1ICA,2,52335,25379.66,16.5681115,4.65123088,unified_EVP_in_process
Seoul,p384_sdiththresholdcat3gf256,2ICA,3,78064,25379.66,16.5681115,4.65123088,unified_EVP_in_process
Seoul,p384_sdiththresholdcat3gf256,3ICA,4,104168,25379.66,16.5681115,4.65123088,unified_EVP_in_process
Seoul,p384_sdiththresholdcat3gf256,4ICA,5,128875,25379.66,16.5681115,4.65123088,unified_EVP_in_process
Seoul,p384_slhdsasha2192f,1ICA,2,72493,35770.74,53.742072019999995,4.48817366,unified_EVP_in_process
Seoul,p384_slhdsasha2192f,2ICA,3,108735,35770.74,53.742072019999995,4.48817366,unified_EVP_in_process
Seoul,p384_slhdsasha2192f,3ICA,4,144968,35770.74,53.742072019999995,4.48817366,unified_EVP_in_process
Seoul,p384_slhdsasha2192f,4ICA,5,181194,35770.74,53.742072019999995,4.48817366,unified_EVP_in_process
Seoul,p384_slhdsasha2192s,1ICA,2,33615,16331.16,1174.47634894,2.8861681599999995,unified_EVP_in_process
Seoul,p384_slhdsasha2192s,2ICA,3,50414,16331.16,1174.47634894,2.8861681599999995,unified_EVP_in_process
Seoul,p384_slhdsasha2192s,3ICA,4,67208,16331.16,1174.47634894,2.8861681599999995,unified_EVP_in_process
Seoul,p384_slhdsasha2192s,4ICA,5,83995,16331.16,1174.47634894,2.8861681599999995,unified_EVP_in_process
Seoul,p384_slhdsashake192f,1ICA,2,72515,35770.84,81.1946872,6.01804658,unified_EVP_in_process
Seoul,p384_slhdsashake192f,2ICA,3,108748,35770.84,81.1946872,6.01804658,unified_EVP_in_process
Seoul,p384_slhdsashake192f,3ICA,4,144977,35770.84,81.1946872,6.01804658,unified_EVP_in_process
Seoul,p384_slhdsashake192f,4ICA,5,181207,35770.84,81.1946872,6.01804658,unified_EVP_in_process
Seoul,p384_slhdsashake192s,1ICA,2,33636,16330.88,1792.42844878,3.27292724,unified_EVP_in_process
Seoul,p384_slhdsashake192s,2ICA,3,50426,16330.88,1792.42844878,3.27292724,unified_EVP_in_process
Seoul,p384_slhdsashake192s,3ICA,4,67218,16330.88,1792.42844878,3.27292724,unified_EVP_in_process
Seoul,p384_slhdsashake192s,4ICA,5,84004,16330.88,1792.42844878,3.27292724,unified_EVP_in_process
Seoul,p384_snova2455,1ICA,2,4970,485.84,3.22181944,2.1338207,unified_EVP_in_process
Seoul,p384_snova2455,2ICA,3,7449,485.84,3.22181944,2.1338207,unified_EVP_in_process
Seoul,p384_snova2455,3ICA,4,9920,485.84,3.22181944,2.1338207,unified_EVP_in_process
Seoul,p384_snova2455,4ICA,5,12386,485.84,3.22181944,2.1338207,unified_EVP_in_process
Seoul,p521_OV_V_pkc,1ICA,2,895706,402.54,3.6471817800000004,3.7466049,unified_EVP_in_process
Seoul,p521_OV_V_pkc,2ICA,3,1343551,402.54,3.6471817800000004,3.7466049,unified_EVP_in_process
Seoul,p521_OV_V_pkc,3ICA,4,1791389,402.54,3.6471817800000004,3.7466049,unified_EVP_in_process
Seoul,p521_OV_V_pkc,4ICA,5,2239222,402.54,3.6471817800000004,3.7466049,unified_EVP_in_process
Seoul,p521_faest256f,1ICA,2,54385,26690.4,122.63508318,93.55256658,unified_EVP_in_process
Seoul,p521_faest256f,2ICA,3,81573,26690.4,122.63508318,93.55256658,unified_EVP_in_process
Seoul,p521_faest256f,3ICA,4,108748,26690.4,122.63508318,93.55256658,unified_EVP_in_process
Seoul,p521_faest256f,4ICA,5,135922,26690.4,122.63508318,93.55256658,unified_EVP_in_process
Seoul,p521_faest256s,1ICA,2,42681,20838.56,368.09407980000003,333.03682119999996,unified_EVP_in_process
Seoul,p521_faest256s,2ICA,3,64017,20838.56,368.09407980000003,333.03682119999996,unified_EVP_in_process
Seoul,p521_faest256s,3ICA,4,85341,20838.56,368.09407980000003,333.03682119999996,unified_EVP_in_process
Seoul,p521_faest256s,4ICA,5,106660,20838.56,368.09407980000003,333.03682119999996,unified_EVP_in_process
Seoul,p521_falcon1024,1ICA,2,7317,1412.88,3.89056368,2.9887304799999996,unified_EVP_in_process
Seoul,p521_falcon1024,2ICA,3,10974,1412.88,3.89056368,2.9887304799999996,unified_EVP_in_process
Seoul,p521_falcon1024,3ICA,4,14628,1412.88,3.89056368,2.9887304799999996,unified_EVP_in_process
Seoul,p521_falcon1024,4ICA,5,18260,1412.88,3.89056368,2.9887304799999996,unified_EVP_in_process
Seoul,p521_hawk1024,1ICA,2,8515,1363.68,3.4503594399999997,2.80474692,unified_EVP_in_process
Seoul,p521_hawk1024,2ICA,3,12766,1363.68,3.4503594399999997,2.80474692,unified_EVP_in_process
Seoul,p521_hawk1024,3ICA,4,17010,1363.68,3.4503594399999997,2.80474692,unified_EVP_in_process
Seoul,p521_hawk1024,4ICA,5,21248,1363.68,3.4503594399999997,2.80474692,unified_EVP_in_process
Seoul,p521_mayo5,1ICA,2,14216,1106.38,4.28620558,3.29086014,unified_EVP_in_process
Seoul,p521_mayo5,2ICA,3,21316,1106.38,4.28620558,3.29086014,unified_EVP_in_process
Seoul,p521_mayo5,3ICA,4,28413,1106.38,4.28620558,3.29086014,unified_EVP_in_process
Seoul,p521_mayo5,4ICA,5,35501,1106.38,4.28620558,3.29086014,unified_EVP_in_process
Seoul,p521_mldsa87,1ICA,2,15622,4769.66,3.55372678,2.9320269999999997,unified_EVP_in_process
Seoul,p521_mldsa87,2ICA,3,23426,4769.66,3.55372678,2.9320269999999997,unified_EVP_in_process
Seoul,p521_mldsa87,3ICA,4,31224,4769.66,3.55372678,2.9320269999999997,unified_EVP_in_process
Seoul,p521_mldsa87,4ICA,5,39012,4769.66,3.55372678,2.9320269999999997,unified_EVP_in_process
Seoul,p521_mqom2cat5gf16fastr5,1ICA,2,29025,13914.4,15.539327559999998,14.00052586,unified_EVP_in_process
Seoul,p521_mqom2cat5gf16fastr5,2ICA,3,43533,13914.4,15.539327559999998,14.00052586,unified_EVP_in_process
Seoul,p521_mqom2cat5gf16fastr5,3ICA,4,58029,13914.4,15.539327559999998,14.00052586,unified_EVP_in_process
Seoul,p521_mqom2cat5gf16fastr5,4ICA,5,72520,13914.4,15.539327559999998,14.00052586,unified_EVP_in_process
Seoul,p521_qruov5q7l10v1490m190,1ICA,2,273387,804.38,158.56815032,132.17354898,unified_EVP_in_process
Seoul,p521_qruov5q7l10v1490m190,2ICA,3,410074,804.38,158.56815032,132.17354898,unified_EVP_in_process
Seoul,p521_qruov5q7l10v1490m190,3ICA,4,546753,804.38,158.56815032,132.17354898,unified_EVP_in_process
Seoul,p521_qruov5q7l10v1490m190,4ICA,5,683429,804.38,158.56815032,132.17354898,unified_EVP_in_process
Seoul,p521_sdithhypercubecat5gf256,1ICA,2,69589,34066.44,73.72651802,68.38690056,unified_EVP_in_process
Seoul,p521_sdithhypercubecat5gf256,2ICA,3,104377,34066.44,73.72651802,68.38690056,unified_EVP_in_process
Seoul,p521_sdithhypercubecat5gf256,3ICA,4,139157,34066.44,73.72651802,68.38690056,unified_EVP_in_process
Seoul,p521_sdithhypercubecat5gf256,4ICA,5,173932,34066.44,73.72651802,68.38690056,unified_EVP_in_process
Seoul,p521_sdiththresholdcat5gf256,1ICA,2,91101,44607.4,35.1853986,8.04229804,unified_EVP_in_process
Seoul,p521_sdiththresholdcat5gf256,2ICA,3,135333,44607.4,35.1853986,8.04229804,unified_EVP_in_process
Seoul,p521_sdiththresholdcat5gf256,3ICA,4,180647,44607.4,35.1853986,8.04229804,unified_EVP_in_process
Seoul,p521_sdiththresholdcat5gf256,4ICA,5,225760,44607.4,35.1853986,8.04229804,unified_EVP_in_process
Seoul,p521_slhdsasha2256f,1ICA,2,101053,49998.46,109.17768956,5.81872046,unified_EVP_in_process
Seoul,p521_slhdsasha2256f,2ICA,3,151574,49998.46,109.17768956,5.81872046,unified_EVP_in_process
Seoul,p521_slhdsasha2256f,3ICA,4,202087,49998.46,109.17768956,5.81872046,unified_EVP_in_process
Seoul,p521_slhdsasha2256f,4ICA,5,252589,49998.46,109.17768956,5.81872046,unified_EVP_in_process
Seoul,p521_slhdsasha2256s,1ICA,2,60925,29934.52,1047.31997568,4.43844116,unified_EVP_in_process
Seoul,p521_slhdsasha2256s,2ICA,3,91381,29934.52,1047.31997568,4.43844116,unified_EVP_in_process
Seoul,p521_slhdsasha2256s,3ICA,4,121832,29934.52,1047.31997568,4.43844116,unified_EVP_in_process
Seoul,p521_slhdsasha2256s,4ICA,5,152275,29934.52,1047.31997568,4.43844116,unified_EVP_in_process
Seoul,p521_slhdsashake256f,1ICA,2,101076,49998.52,167.7769656,7.222276419999999,unified_EVP_in_process
Seoul,p521_slhdsashake256f,2ICA,3,151587,49998.52,167.7769656,7.222276419999999,unified_EVP_in_process
Seoul,p521_slhdsashake256f,3ICA,4,202094,49998.52,167.7769656,7.222276419999999,unified_EVP_in_process
Seoul,p521_slhdsashake256f,4ICA,5,252603,49998.52,167.7769656,7.222276419999999,unified_EVP_in_process
Seoul,p521_slhdsashake256s,1ICA,2,60947,29934.46,1616.61844938,5.11808478,unified_EVP_in_process
Seoul,p521_slhdsashake256s,2ICA,3,91394,29934.46,1616.61844938,5.11808478,unified_EVP_in_process
Seoul,p521_slhdsashake256s,3ICA,4,121840,29934.46,1616.61844938,5.11808478,unified_EVP_in_process
Seoul,p521_slhdsashake256s,4ICA,5,152282,29934.46,1616.61844938,5.11808478,unified_EVP_in_process
Seoul,p521_snova2965,1ICA,2,7537,596.52,5.3831877,3.41523012,unified_EVP_in_process
Seoul,p521_snova2965,2ICA,3,11301,596.52,5.3831877,3.41523012,unified_EVP_in_process
Seoul,p521_snova2965,3ICA,4,15054,596.52,5.3831877,3.41523012,unified_EVP_in_process
Seoul,p521_snova2965,4ICA,5,18802,596.52,5.3831877,3.41523012,unified_EVP_in_process
Seoul,rsa15360_OV_V_pkc,1ICA,2,902886,2184.0,381.7859762,3.42420118,unified_EVP_in_process
Seoul,rsa15360_OV_V_pkc,2ICA,3,1354323,2184.0,381.7859762,3.42420118,unified_EVP_in_process
Seoul,rsa15360_OV_V_pkc,3ICA,4,1805752,2184.0,381.7859762,3.42420118,unified_EVP_in_process
Seoul,rsa15360_OV_V_pkc,4ICA,5,2257175,2184.0,381.7859762,3.42420118,unified_EVP_in_process
Seoul,rsa15360_faest256f,1ICA,2,61570,28472.0,494.34215526,93.10324378,unified_EVP_in_process
Seoul,rsa15360_faest256f,2ICA,3,92349,28472.0,494.34215526,93.10324378,unified_EVP_in_process
Seoul,rsa15360_faest256f,3ICA,4,123120,28472.0,494.34215526,93.10324378,unified_EVP_in_process
Seoul,rsa15360_faest256f,4ICA,5,153885,28472.0,494.34215526,93.10324378,unified_EVP_in_process
Seoul,rsa15360_faest256s,1ICA,2,49866,22620.0,748.60700174,332.15782172,unified_EVP_in_process
Seoul,rsa15360_faest256s,2ICA,3,74793,22620.0,748.60700174,332.15782172,unified_EVP_in_process
Seoul,rsa15360_faest256s,3ICA,4,99712,22620.0,748.60700174,332.15782172,unified_EVP_in_process
Seoul,rsa15360_faest256s,4ICA,5,124625,22620.0,748.60700174,332.15782172,unified_EVP_in_process
Seoul,rsa15360_falcon1024,1ICA,2,14518,3195.02,383.96424888,2.51942338,unified_EVP_in_process
Seoul,rsa15360_falcon1024,2ICA,3,21771,3195.02,383.96424888,2.51942338,unified_EVP_in_process
Seoul,rsa15360_falcon1024,3ICA,4,28994,3195.02,383.96424888,2.51942338,unified_EVP_in_process
Seoul,rsa15360_falcon1024,4ICA,5,36237,3195.02,383.96424888,2.51942338,unified_EVP_in_process
Seoul,rsa15360_hawk1024,1ICA,2,15696,3145.0,383.32130728,2.52503728,unified_EVP_in_process
Seoul,rsa15360_hawk1024,2ICA,3,23538,3145.0,383.32130728,2.52503728,unified_EVP_in_process
Seoul,rsa15360_hawk1024,3ICA,4,31372,3145.0,383.32130728,2.52503728,unified_EVP_in_process
Seoul,rsa15360_hawk1024,4ICA,5,39200,3145.0,383.32130728,2.52503728,unified_EVP_in_process
Seoul,rsa15360_mayo5,1ICA,2,21398,2888.0,384.01819744,2.9341852399999997,unified_EVP_in_process
Seoul,rsa15360_mayo5,2ICA,3,32091,2888.0,384.01819744,2.9341852399999997,unified_EVP_in_process
Seoul,rsa15360_mayo5,3ICA,4,42776,2888.0,384.01819744,2.9341852399999997,unified_EVP_in_process
Seoul,rsa15360_mayo5,4ICA,5,53455,2888.0,384.01819744,2.9341852399999997,unified_EVP_in_process
Seoul,rsa15360_mldsa87,1ICA,2,22808,6551.0,383.86398606,2.55550676,unified_EVP_in_process
Seoul,rsa15360_mldsa87,2ICA,3,34205,6551.0,383.86398606,2.55550676,unified_EVP_in_process
Seoul,rsa15360_mldsa87,3ICA,4,45596,6551.0,383.86398606,2.55550676,unified_EVP_in_process
Seoul,rsa15360_mldsa87,4ICA,5,56980,6551.0,383.86398606,2.55550676,unified_EVP_in_process
Seoul,rsa15360_mqom2cat5gf16fastr5,1ICA,2,36206,15696.0,395.61356992000003,13.7049767,unified_EVP_in_process
Seoul,rsa15360_mqom2cat5gf16fastr5,2ICA,3,54303,15696.0,395.61356992000003,13.7049767,unified_EVP_in_process
Seoul,rsa15360_mqom2cat5gf16fastr5,3ICA,4,72392,15696.0,395.61356992000003,13.7049767,unified_EVP_in_process
Seoul,rsa15360_mqom2cat5gf16fastr5,4ICA,5,90475,15696.0,395.61356992000003,13.7049767,unified_EVP_in_process
Seoul,rsa15360_qruov5q7l10v1490m190,1ICA,2,280568,2586.0,534.19742318,131.56208114,unified_EVP_in_process
Seoul,rsa15360_qruov5q7l10v1490m190,2ICA,3,420846,2586.0,534.19742318,131.56208114,unified_EVP_in_process
Seoul,rsa15360_qruov5q7l10v1490m190,3ICA,4,561116,2586.0,534.19742318,131.56208114,unified_EVP_in_process
Seoul,rsa15360_qruov5q7l10v1490m190,4ICA,5,701380,2586.0,534.19742318,131.56208114,unified_EVP_in_process
Seoul,rsa15360_sdithhypercubecat5gf256,1ICA,2,76770,35848.0,453.64436636,68.24397818,unified_EVP_in_process
Seoul,rsa15360_sdithhypercubecat5gf256,2ICA,3,115149,35848.0,453.64436636,68.24397818,unified_EVP_in_process
Seoul,rsa15360_sdithhypercubecat5gf256,3ICA,4,153520,35848.0,453.64436636,68.24397818,unified_EVP_in_process
Seoul,rsa15360_sdithhypercubecat5gf256,4ICA,5,191885,35848.0,453.64436636,68.24397818,unified_EVP_in_process
Seoul,rsa15360_sdiththresholdcat5gf256,1ICA,2,97642,46410.72,407.06073724000004,7.563139619999999,unified_EVP_in_process
Seoul,rsa15360_sdiththresholdcat5gf256,2ICA,3,146809,46410.72,407.06073724000004,7.563139619999999,unified_EVP_in_process
Seoul,rsa15360_sdiththresholdcat5gf256,3ICA,4,195264,46410.72,407.06073724000004,7.563139619999999,unified_EVP_in_process
Seoul,rsa15360_sdiththresholdcat5gf256,4ICA,5,244225,46410.72,407.06073724000004,7.563139619999999,unified_EVP_in_process
Seoul,rsa15360_slhdsasha2256f,1ICA,2,108238,51780.0,489.88514012,5.25175732,unified_EVP_in_process
Seoul,rsa15360_slhdsasha2256f,2ICA,3,162351,51780.0,489.88514012,5.25175732,unified_EVP_in_process
Seoul,rsa15360_slhdsasha2256f,3ICA,4,216456,51780.0,489.88514012,5.25175732,unified_EVP_in_process
Seoul,rsa15360_slhdsasha2256f,4ICA,5,270555,51780.0,489.88514012,5.25175732,unified_EVP_in_process
Seoul,rsa15360_slhdsasha2256s,1ICA,2,68110,31716.0,1426.8765470399999,3.8429913,unified_EVP_in_process
Seoul,rsa15360_slhdsasha2256s,2ICA,3,102159,31716.0,1426.8765470399999,3.8429913,unified_EVP_in_process
Seoul,rsa15360_slhdsasha2256s,3ICA,4,136200,31716.0,1426.8765470399999,3.8429913,unified_EVP_in_process
Seoul,rsa15360_slhdsasha2256s,4ICA,5,170235,31716.0,1426.8765470399999,3.8429913,unified_EVP_in_process
Seoul,rsa15360_slhdsashake256f,1ICA,2,108260,51780.0,539.25752268,6.87321506,unified_EVP_in_process
Seoul,rsa15360_slhdsashake256f,2ICA,3,162363,51780.0,539.25752268,6.87321506,unified_EVP_in_process
Seoul,rsa15360_slhdsashake256f,3ICA,4,216464,51780.0,539.25752268,6.87321506,unified_EVP_in_process
Seoul,rsa15360_slhdsashake256f,4ICA,5,270565,51780.0,539.25752268,6.87321506,unified_EVP_in_process
Seoul,rsa15360_slhdsashake256s,1ICA,2,68132,31716.0,1997.4611317999997,4.7171086,unified_EVP_in_process
Seoul,rsa15360_slhdsashake256s,2ICA,3,102171,31716.0,1997.4611317999997,4.7171086,unified_EVP_in_process
Seoul,rsa15360_slhdsashake256s,3ICA,4,136208,31716.0,1997.4611317999997,4.7171086,unified_EVP_in_process
Seoul,rsa15360_slhdsashake256s,4ICA,5,170245,31716.0,1997.4611317999997,4.7171086,unified_EVP_in_process
Seoul,rsa15360_snova2965,1ICA,2,14718,2378.0,385.8499908,2.9516253,unified_EVP_in_process
Seoul,rsa15360_snova2965,2ICA,3,22071,2378.0,385.8499908,2.9516253,unified_EVP_in_process
Seoul,rsa15360_snova2965,3ICA,4,29416,2378.0,385.8499908,2.9516253,unified_EVP_in_process
Seoul,rsa15360_snova2965,4ICA,5,36755,2378.0,385.8499908,2.9516253,unified_EVP_in_process
Seoul,rsa3072_OV_Ip_pkc,1ICA,2,89638,516.0,4.02323502,0.88688536,unified_EVP_in_process
Seoul,rsa3072_OV_Ip_pkc,2ICA,3,134451,516.0,4.02323502,0.88688536,unified_EVP_in_process
Seoul,rsa3072_OV_Ip_pkc,3ICA,4,179256,516.0,4.02323502,0.88688536,unified_EVP_in_process
Seoul,rsa3072_OV_Ip_pkc,4ICA,5,224055,516.0,4.02323502,0.88688536,unified_EVP_in_process
Seoul,rsa3072_OV_Is_pkc,1ICA,2,135582,484.0,4.09570438,0.9527275000000001,unified_EVP_in_process
Seoul,rsa3072_OV_Is_pkc,2ICA,3,203367,484.0,4.09570438,0.9527275000000001,unified_EVP_in_process
Seoul,rsa3072_OV_Is_pkc,3ICA,4,271144,484.0,4.09570438,0.9527275000000001,unified_EVP_in_process
Seoul,rsa3072_OV_Is_pkc,4ICA,5,338915,484.0,4.09570438,0.9527275000000001,unified_EVP_in_process
Seoul,rsa3072_faest128f,1ICA,2,14142,6312.0,21.76768756,14.82357624,unified_EVP_in_process
Seoul,rsa3072_faest128f,2ICA,3,21207,6312.0,21.76768756,14.82357624,unified_EVP_in_process
Seoul,rsa3072_faest128f,3ICA,4,28264,6312.0,21.76768756,14.82357624,unified_EVP_in_process
Seoul,rsa3072_faest128f,4ICA,5,35315,6312.0,21.76768756,14.82357624,unified_EVP_in_process
Seoul,rsa3072_faest128s,1ICA,2,11306,4894.0,59.99939146,49.40532346,unified_EVP_in_process
Seoul,rsa3072_faest128s,2ICA,3,16953,4894.0,59.99939146,49.40532346,unified_EVP_in_process
Seoul,rsa3072_faest128s,3ICA,4,22592,4894.0,59.99939146,49.40532346,unified_EVP_in_process
Seoul,rsa3072_faest128s,4ICA,5,28225,4894.0,59.99939146,49.40532346,unified_EVP_in_process
Seoul,rsa3072_falcon512,1ICA,2,5327,1043.24,4.33375998,0.9256736,unified_EVP_in_process
Seoul,rsa3072_falcon512,2ICA,3,7986,1043.24,4.33375998,0.9256736,unified_EVP_in_process
Seoul,rsa3072_falcon512,3ICA,4,10630,1043.24,4.33375998,0.9256736,unified_EVP_in_process
Seoul,rsa3072_falcon512,4ICA,5,13276,1043.24,4.33375998,0.9256736,unified_EVP_in_process
Seoul,rsa3072_hawk512,1ICA,2,5380,943.0,4.0367986,0.8215025,unified_EVP_in_process
Seoul,rsa3072_hawk512,2ICA,3,8064,943.0,4.0367986,0.8215025,unified_EVP_in_process
Seoul,rsa3072_hawk512,3ICA,4,10740,943.0,4.0367986,0.8215025,unified_EVP_in_process
Seoul,rsa3072_hawk512,4ICA,5,13410,943.0,4.0367986,0.8215025,unified_EVP_in_process
Seoul,rsa3072_mayo1,1ICA,2,5962,842.0,4.36549356,0.9012835200000001,unified_EVP_in_process
Seoul,rsa3072_mayo1,2ICA,3,8937,842.0,4.36549356,0.9012835200000001,unified_EVP_in_process
Seoul,rsa3072_mayo1,3ICA,4,11904,842.0,4.36549356,0.9012835200000001,unified_EVP_in_process
Seoul,rsa3072_mayo1,4ICA,5,14865,842.0,4.36549356,0.9012835200000001,unified_EVP_in_process
Seoul,rsa3072_mayo2,1ICA,2,12410,574.0,4.14839266,0.8009593599999999,unified_EVP_in_process
Seoul,rsa3072_mayo2,2ICA,3,18609,574.0,4.14839266,0.8009593599999999,unified_EVP_in_process
Seoul,rsa3072_mayo2,3ICA,4,24800,574.0,4.14839266,0.8009593599999999,unified_EVP_in_process
Seoul,rsa3072_mayo2,4ICA,5,30985,574.0,4.14839266,0.8009593599999999,unified_EVP_in_process
Seoul,rsa3072_mldsa44,1ICA,2,9680,2808.0,4.1725179400000005,0.90453046,unified_EVP_in_process
Seoul,rsa3072_mldsa44,2ICA,3,14514,2808.0,4.1725179400000005,0.90453046,unified_EVP_in_process
Seoul,rsa3072_mldsa44,3ICA,4,19340,2808.0,4.1725179400000005,0.90453046,unified_EVP_in_process
Seoul,rsa3072_mldsa44,4ICA,5,24160,2808.0,4.1725179400000005,0.90453046,unified_EVP_in_process
Seoul,rsa3072_mqom2cat1gf16fastr5,1ICA,2,8950,3668.0,5.54430832,2.08246284,unified_EVP_in_process
Seoul,rsa3072_mqom2cat1gf16fastr5,2ICA,3,13419,3668.0,5.54430832,2.08246284,unified_EVP_in_process
Seoul,rsa3072_mqom2cat1gf16fastr5,3ICA,4,17880,3668.0,5.54430832,2.08246284,unified_EVP_in_process
Seoul,rsa3072_mqom2cat1gf16fastr5,4ICA,5,22335,3668.0,5.54430832,2.08246284,unified_EVP_in_process
Seoul,rsa3072_qruov1q7l10v740m100,1ICA,2,44214,719.0,23.65556396,18.36988412,unified_EVP_in_process
Seoul,rsa3072_qruov1q7l10v740m100,2ICA,3,66315,719.0,23.65556396,18.36988412,unified_EVP_in_process
Seoul,rsa3072_qruov1q7l10v740m100,3ICA,4,88408,719.0,23.65556396,18.36988412,unified_EVP_in_process
Seoul,rsa3072_qruov1q7l10v740m100,4ICA,5,110495,719.0,23.65556396,18.36988412,unified_EVP_in_process
Seoul,rsa3072_sdithhypercubecat1gf256,1ICA,2,19542,8884.0,18.1181725,14.184322239999998,unified_EVP_in_process
Seoul,rsa3072_sdithhypercubecat1gf256,2ICA,3,29307,8884.0,18.1181725,14.184322239999998,unified_EVP_in_process
Seoul,rsa3072_sdithhypercubecat1gf256,3ICA,4,39064,8884.0,18.1181725,14.184322239999998,unified_EVP_in_process
Seoul,rsa3072_sdithhypercubecat1gf256,4ICA,5,48815,8884.0,18.1181725,14.184322239999998,unified_EVP_in_process
Seoul,rsa3072_sdiththresholdcat1gf256,1ICA,2,23430,10736.48,9.9400593,1.7790385,unified_EVP_in_process
Seoul,rsa3072_sdiththresholdcat1gf256,2ICA,3,35091,10736.48,9.9400593,1.7790385,unified_EVP_in_process
Seoul,rsa3072_sdiththresholdcat1gf256,3ICA,4,46680,10736.48,9.9400593,1.7790385,unified_EVP_in_process
Seoul,rsa3072_sdiththresholdcat1gf256,4ICA,5,58711,10736.48,9.9400593,1.7790385,unified_EVP_in_process
Seoul,rsa3072_slhdsasha2128f,1ICA,2,36490,17476.0,35.14300076,2.81801806,unified_EVP_in_process
Seoul,rsa3072_slhdsasha2128f,2ICA,3,54729,17476.0,35.14300076,2.81801806,unified_EVP_in_process
Seoul,rsa3072_slhdsasha2128f,3ICA,4,72960,17476.0,35.14300076,2.81801806,unified_EVP_in_process
Seoul,rsa3072_slhdsasha2128f,4ICA,5,91185,17476.0,35.14300076,2.81801806,unified_EVP_in_process
Seoul,rsa3072_slhdsasha2128s,1ICA,2,18026,8244.0,651.8047660799999,1.66218834,unified_EVP_in_process
Seoul,rsa3072_slhdsasha2128s,2ICA,3,27033,8244.0,651.8047660799999,1.66218834,unified_EVP_in_process
Seoul,rsa3072_slhdsasha2128s,3ICA,4,36032,8244.0,651.8047660799999,1.66218834,unified_EVP_in_process
Seoul,rsa3072_slhdsasha2128s,4ICA,5,45025,8244.0,651.8047660799999,1.66218834,unified_EVP_in_process
Seoul,rsa3072_slhdsashake128f,1ICA,2,36512,17476.0,52.37526628,3.79062138,unified_EVP_in_process
Seoul,rsa3072_slhdsashake128f,2ICA,3,54741,17476.0,52.37526628,3.79062138,unified_EVP_in_process
Seoul,rsa3072_slhdsashake128f,3ICA,4,72968,17476.0,52.37526628,3.79062138,unified_EVP_in_process
Seoul,rsa3072_slhdsashake128f,4ICA,5,91195,17476.0,52.37526628,3.79062138,unified_EVP_in_process
Seoul,rsa3072_slhdsashake128s,1ICA,2,18048,8244.0,1007.46629116,1.8901583199999998,unified_EVP_in_process
Seoul,rsa3072_slhdsashake128s,2ICA,3,27045,8244.0,1007.46629116,1.8901583199999998,unified_EVP_in_process
Seoul,rsa3072_slhdsashake128s,3ICA,4,36040,8244.0,1007.46629116,1.8901583199999998,unified_EVP_in_process
Seoul,rsa3072_slhdsashake128s,4ICA,5,45035,8244.0,1007.46629116,1.8901583199999998,unified_EVP_in_process
Seoul,rsa3072_snova2454,1ICA,2,4758,636.0,4.63330394,0.9374242599999999,unified_EVP_in_process
Seoul,rsa3072_snova2454,2ICA,3,7131,636.0,4.63330394,0.9374242599999999,unified_EVP_in_process
Seoul,rsa3072_snova2454,3ICA,4,9496,636.0,4.63330394,0.9374242599999999,unified_EVP_in_process
Seoul,rsa3072_snova2454,4ICA,5,11855,636.0,4.63330394,0.9374242599999999,unified_EVP_in_process
Seoul,rsa3072_snova37172,1ICA,2,22166,512.0,4.57019544,0.86956652,unified_EVP_in_process
Seoul,rsa3072_snova37172,2ICA,3,33243,512.0,4.57019544,0.86956652,unified_EVP_in_process
Seoul,rsa3072_snova37172,3ICA,4,44312,512.0,4.57019544,0.86956652,unified_EVP_in_process
Seoul,rsa3072_snova37172,4ICA,5,55375,512.0,4.57019544,0.86956652,unified_EVP_in_process
Seoul,rsa7680_OV_III_pkc,1ICA,2,383410,1164.0,71.56604716,1.67354382,unified_EVP_in_process
Seoul,rsa7680_OV_III_pkc,2ICA,3,575109,1164.0,71.56604716,1.67354382,unified_EVP_in_process
Seoul,rsa7680_OV_III_pkc,3ICA,4,766800,1164.0,71.56604716,1.67354382,unified_EVP_in_process
Seoul,rsa7680_OV_III_pkc,4ICA,5,958485,1164.0,71.56604716,1.67354382,unified_EVP_in_process
Seoul,rsa7680_faest192f,1ICA,2,34526,15912.0,163.1139054,66.9427158,unified_EVP_in_process
Seoul,rsa7680_faest192f,2ICA,3,51783,15912.0,163.1139054,66.9427158,unified_EVP_in_process
Seoul,rsa7680_faest192f,3ICA,4,69032,15912.0,163.1139054,66.9427158,unified_EVP_in_process
Seoul,rsa7680_faest192f,4ICA,5,86275,15912.0,163.1139054,66.9427158,unified_EVP_in_process
Seoul,rsa7680_faest192s,1ICA,2,27150,12224.0,293.46916304,182.1834723,unified_EVP_in_process
Seoul,rsa7680_faest192s,2ICA,3,40719,12224.0,293.46916304,182.1834723,unified_EVP_in_process
Seoul,rsa7680_faest192s,3ICA,4,54280,12224.0,293.46916304,182.1834723,unified_EVP_in_process
Seoul,rsa7680_faest192s,4ICA,5,67835,12224.0,293.46916304,182.1834723,unified_EVP_in_process
Seoul,rsa7680_mayo3,1ICA,2,11852,1645.0,73.70216185999999,1.4500411199999999,unified_EVP_in_process
Seoul,rsa7680_mayo3,2ICA,3,17772,1645.0,73.70216185999999,1.4500411199999999,unified_EVP_in_process
Seoul,rsa7680_mayo3,3ICA,4,23684,1645.0,73.70216185999999,1.4500411199999999,unified_EVP_in_process
Seoul,rsa7680_mayo3,4ICA,5,29590,1645.0,73.70216185999999,1.4500411199999999,unified_EVP_in_process
Seoul,rsa7680_mldsa65,1ICA,2,15048,4273.0,72.04748330000001,1.39545922,unified_EVP_in_process
Seoul,rsa7680_mldsa65,2ICA,3,22566,4273.0,72.04748330000001,1.39545922,unified_EVP_in_process
Seoul,rsa7680_mldsa65,3ICA,4,30076,4273.0,72.04748330000001,1.39545922,unified_EVP_in_process
Seoul,rsa7680_mldsa65,4ICA,5,37580,4273.0,72.04748330000001,1.39545922,unified_EVP_in_process
Seoul,rsa7680_mqom2cat3gf16fastr5,1ICA,2,20230,8702.0,76.89064669999999,6.392504679999999,unified_EVP_in_process
Seoul,rsa7680_mqom2cat3gf16fastr5,2ICA,3,30339,8702.0,76.89064669999999,6.392504679999999,unified_EVP_in_process
Seoul,rsa7680_mqom2cat3gf16fastr5,3ICA,4,40440,8702.0,76.89064669999999,6.392504679999999,unified_EVP_in_process
Seoul,rsa7680_mqom2cat3gf16fastr5,4ICA,5,50535,8702.0,76.89064669999999,6.392504679999999,unified_EVP_in_process
Seoul,rsa7680_qruov3q7l10v1100m140,1ICA,2,115854,1453.0,132.72765798,54.744867940000006,unified_EVP_in_process
Seoul,rsa7680_qruov3q7l10v1100m140,2ICA,3,173775,1453.0,132.72765798,54.744867940000006,unified_EVP_in_process
Seoul,rsa7680_qruov3q7l10v1100m140,3ICA,4,231688,1453.0,132.72765798,54.744867940000006,unified_EVP_in_process
Seoul,rsa7680_qruov3q7l10v1100m140,4ICA,5,289595,1453.0,132.72765798,54.744867940000006,unified_EVP_in_process
Seoul,rsa7680_sdithhypercubecat3gf256,1ICA,2,44038,20508.0,109.77353826000001,37.012517980000005,unified_EVP_in_process
Seoul,rsa7680_sdithhypercubecat3gf256,2ICA,3,66051,20508.0,109.77353826000001,37.012517980000005,unified_EVP_in_process
Seoul,rsa7680_sdithhypercubecat3gf256,3ICA,4,88056,20508.0,109.77353826000001,37.012517980000005,unified_EVP_in_process
Seoul,rsa7680_sdithhypercubecat3gf256,4ICA,5,110055,20508.0,109.77353826000001,37.012517980000005,unified_EVP_in_process
Seoul,rsa7680_sdiththresholdcat3gf256,1ICA,2,55910,26209.76,86.3781107,4.21132248,unified_EVP_in_process
Seoul,rsa7680_sdiththresholdcat3gf256,2ICA,3,82947,26209.76,86.3781107,4.21132248,unified_EVP_in_process
Seoul,rsa7680_sdiththresholdcat3gf256,3ICA,4,111656,26209.76,86.3781107,4.21132248,unified_EVP_in_process
Seoul,rsa7680_sdiththresholdcat3gf256,4ICA,5,137863,26209.76,86.3781107,4.21132248,unified_EVP_in_process
Seoul,rsa7680_slhdsasha2192f,1ICA,2,75978,36628.0,125.63753182,4.06232404,unified_EVP_in_process
Seoul,rsa7680_slhdsasha2192f,2ICA,3,113961,36628.0,125.63753182,4.06232404,unified_EVP_in_process
Seoul,rsa7680_slhdsasha2192f,3ICA,4,151936,36628.0,125.63753182,4.06232404,unified_EVP_in_process
Seoul,rsa7680_slhdsasha2192f,4ICA,5,189905,36628.0,125.63753182,4.06232404,unified_EVP_in_process
Seoul,rsa7680_slhdsasha2192s,1ICA,2,37098,17188.0,1246.85192182,2.18208894,unified_EVP_in_process
Seoul,rsa7680_slhdsasha2192s,2ICA,3,55641,17188.0,1246.85192182,2.18208894,unified_EVP_in_process
Seoul,rsa7680_slhdsasha2192s,3ICA,4,74176,17188.0,1246.85192182,2.18208894,unified_EVP_in_process
Seoul,rsa7680_slhdsasha2192s,4ICA,5,92705,17188.0,1246.85192182,2.18208894,unified_EVP_in_process
Seoul,rsa7680_slhdsashake192f,1ICA,2,76000,36628.0,150.92034698,5.4079058,unified_EVP_in_process
Seoul,rsa7680_slhdsashake192f,2ICA,3,113973,36628.0,150.92034698,5.4079058,unified_EVP_in_process
Seoul,rsa7680_slhdsashake192f,3ICA,4,151944,36628.0,150.92034698,5.4079058,unified_EVP_in_process
Seoul,rsa7680_slhdsashake192f,4ICA,5,189915,36628.0,150.92034698,5.4079058,unified_EVP_in_process
Seoul,rsa7680_slhdsashake192s,1ICA,2,37120,17188.0,1867.9482877,2.79668212,unified_EVP_in_process
Seoul,rsa7680_slhdsashake192s,2ICA,3,55653,17188.0,1867.9482877,2.79668212,unified_EVP_in_process
Seoul,rsa7680_slhdsashake192s,3ICA,4,74184,17188.0,1867.9482877,2.79668212,unified_EVP_in_process
Seoul,rsa7680_slhdsashake192s,4ICA,5,92715,17188.0,1867.9482877,2.79668212,unified_EVP_in_process
Seoul,rsa7680_snova2455,1ICA,2,8450,1343.0,73.20245713999999,1.6855383000000002,unified_EVP_in_process
Seoul,rsa7680_snova2455,2ICA,3,12668,1343.0,73.20245713999999,1.6855383000000002,unified_EVP_in_process
Seoul,rsa7680_snova2455,3ICA,4,16880,1343.0,73.20245713999999,1.6855383000000002,unified_EVP_in_process
Seoul,rsa7680_snova2455,4ICA,5,21085,1343.0,73.20245713999999,1.6855383000000002,unified_EVP_in_process
Singapore,p256_OV_Ip_pkc,1ICA,2,88331,202.9,0.90108348,0.7857322999999999,unified_EVP_in_process
Singapore,p256_OV_Ip_pkc,2ICA,3,132491,202.9,0.90108348,0.7857322999999999,unified_EVP_in_process
Singapore,p256_OV_Ip_pkc,3ICA,4,176643,202.9,0.90108348,0.7857322999999999,unified_EVP_in_process
Singapore,p256_OV_Ip_pkc,4ICA,5,220791,202.9,0.90108348,0.7857322999999999,unified_EVP_in_process
Singapore,p256_OV_Is_pkc,1ICA,2,134276,171.02,0.9254946,0.87171858,unified_EVP_in_process
Singapore,p256_OV_Is_pkc,2ICA,3,201408,171.02,0.9254946,0.87171858,unified_EVP_in_process
Singapore,p256_OV_Is_pkc,3ICA,4,268530,171.02,0.9254946,0.87171858,unified_EVP_in_process
Singapore,p256_OV_Is_pkc,4ICA,5,335650,171.02,0.9254946,0.87171858,unified_EVP_in_process
Singapore,p256_faest128f,1ICA,2,12830,5998.92,18.4113905,14.8219531,unified_EVP_in_process
Singapore,p256_faest128f,2ICA,3,19239,5998.92,18.4113905,14.8219531,unified_EVP_in_process
Singapore,p256_faest128f,3ICA,4,25640,5998.92,18.4113905,14.8219531,unified_EVP_in_process
Singapore,p256_faest128f,4ICA,5,32036,5998.92,18.4113905,14.8219531,unified_EVP_in_process
Singapore,p256_faest128s,1ICA,2,9993,4581.0,57.55708306,49.375288579999996,unified_EVP_in_process
Singapore,p256_faest128s,2ICA,3,14984,4581.0,57.55708306,49.375288579999996,unified_EVP_in_process
Singapore,p256_faest128s,3ICA,4,19967,4581.0,57.55708306,49.375288579999996,unified_EVP_in_process
Singapore,p256_faest128s,4ICA,5,24946,4581.0,57.55708306,49.375288579999996,unified_EVP_in_process
Singapore,p256_falcon512,1ICA,2,4020,730.5,1.06072312,0.82178278,unified_EVP_in_process
Singapore,p256_falcon512,2ICA,3,6035,730.5,1.06072312,0.82178278,unified_EVP_in_process
Singapore,p256_falcon512,3ICA,4,8026,730.5,1.06072312,0.82178278,unified_EVP_in_process
Singapore,p256_falcon512,4ICA,5,10023,730.5,1.06072312,0.82178278,unified_EVP_in_process
Singapore,p256_hawk512,1ICA,2,4077,630.04,0.8849465000000001,0.75048232,unified_EVP_in_process
Singapore,p256_hawk512,2ICA,3,6109,630.04,0.8849465000000001,0.75048232,unified_EVP_in_process
Singapore,p256_hawk512,3ICA,4,8131,630.04,0.8849465000000001,0.75048232,unified_EVP_in_process
Singapore,p256_hawk512,4ICA,5,10151,630.04,0.8849465000000001,0.75048232,unified_EVP_in_process
Singapore,p256_mayo1,1ICA,2,4658,529.1,1.0786795200000001,0.85828528,unified_EVP_in_process
Singapore,p256_mayo1,2ICA,3,6981,529.1,1.0786795200000001,0.85828528,unified_EVP_in_process
Singapore,p256_mayo1,3ICA,4,9295,529.1,1.0786795200000001,0.85828528,unified_EVP_in_process
Singapore,p256_mayo1,4ICA,5,11605,529.1,1.0786795200000001,0.85828528,unified_EVP_in_process
Singapore,p256_mayo2,1ICA,2,11105,261.0,0.9758090799999999,0.74838206,unified_EVP_in_process
Singapore,p256_mayo2,2ICA,3,16653,261.0,0.9758090799999999,0.74838206,unified_EVP_in_process
Singapore,p256_mayo2,3ICA,4,22191,261.0,0.9758090799999999,0.74838206,unified_EVP_in_process
Singapore,p256_mayo2,4ICA,5,27724,261.0,0.9758090799999999,0.74838206,unified_EVP_in_process
Singapore,p256_mldsa44,1ICA,2,8378,2495.06,0.9513522999999999,0.8061123600000001,unified_EVP_in_process
Singapore,p256_mldsa44,2ICA,3,12558,2495.06,0.9513522999999999,0.8061123600000001,unified_EVP_in_process
Singapore,p256_mldsa44,3ICA,4,16731,2495.06,0.9513522999999999,0.8061123600000001,unified_EVP_in_process
Singapore,p256_mldsa44,4ICA,5,20899,2495.06,0.9513522999999999,0.8061123600000001,unified_EVP_in_process
Singapore,p256_mqom2cat1gf16fastr5,1ICA,2,7642,3354.94,2.22406376,2.0890395,unified_EVP_in_process
Singapore,p256_mqom2cat1gf16fastr5,2ICA,3,11457,3354.94,2.22406376,2.0890395,unified_EVP_in_process
Singapore,p256_mqom2cat1gf16fastr5,3ICA,4,15264,3354.94,2.22406376,2.0890395,unified_EVP_in_process
Singapore,p256_mqom2cat1gf16fastr5,4ICA,5,19065,3354.94,2.22406376,2.0890395,unified_EVP_in_process
Singapore,p256_qruov1q7l10v740m100,1ICA,2,42911,405.9,20.33658782,18.45057934,unified_EVP_in_process
Singapore,p256_qruov1q7l10v740m100,2ICA,3,64359,405.9,20.33658782,18.45057934,unified_EVP_in_process
Singapore,p256_qruov1q7l10v740m100,3ICA,4,85798,405.9,20.33658782,18.45057934,unified_EVP_in_process
Singapore,p256_qruov1q7l10v740m100,4ICA,5,107237,405.9,20.33658782,18.45057934,unified_EVP_in_process
Singapore,p256_sdithhypercubecat1gf256,1ICA,2,18234,8571.0,14.67059934,14.1640829,unified_EVP_in_process
Singapore,p256_sdithhypercubecat1gf256,2ICA,3,27347,8571.0,14.67059934,14.1640829,unified_EVP_in_process
Singapore,p256_sdithhypercubecat1gf256,3ICA,4,36448,8571.0,14.67059934,14.1640829,unified_EVP_in_process
Singapore,p256_sdithhypercubecat1gf256,4ICA,5,45547,8571.0,14.67059934,14.1640829,unified_EVP_in_process
Singapore,p256_sdiththresholdcat1gf256,1ICA,2,21995,10423.96,6.62881542,1.8260273599999999,unified_EVP_in_process
Singapore,p256_sdiththresholdcat1gf256,2ICA,3,33065,10423.96,6.62881542,1.8260273599999999,unified_EVP_in_process
Singapore,p256_sdiththresholdcat1gf256,3ICA,4,44352,10423.96,6.62881542,1.8260273599999999,unified_EVP_in_process
Singapore,p256_sdiththresholdcat1gf256,4ICA,5,54992,10423.96,6.62881542,1.8260273599999999,unified_EVP_in_process
Singapore,p256_slhdsasha2128f,1ICA,2,35179,17163.06,31.76290082,2.89286264,unified_EVP_in_process
Singapore,p256_slhdsasha2128f,2ICA,3,52760,17163.06,31.76290082,2.89286264,unified_EVP_in_process
Singapore,p256_slhdsasha2128f,3ICA,4,70335,17163.06,31.76290082,2.89286264,unified_EVP_in_process
Singapore,p256_slhdsasha2128f,4ICA,5,87907,17163.06,31.76290082,2.89286264,unified_EVP_in_process
Singapore,p256_slhdsasha2128s,1ICA,2,16714,7930.94,647.4048328,1.6909886399999998,unified_EVP_in_process
Singapore,p256_slhdsasha2128s,2ICA,3,25066,7930.94,647.4048328,1.6909886399999998,unified_EVP_in_process
Singapore,p256_slhdsasha2128s,3ICA,4,33408,7930.94,647.4048328,1.6909886399999998,unified_EVP_in_process
Singapore,p256_slhdsasha2128s,4ICA,5,41746,7930.94,647.4048328,1.6909886399999998,unified_EVP_in_process
Singapore,p256_slhdsashake128f,1ICA,2,35200,17163.04,49.17877198,3.84715992,unified_EVP_in_process
Singapore,p256_slhdsashake128f,2ICA,3,52775,17163.04,49.17877198,3.84715992,unified_EVP_in_process
Singapore,p256_slhdsashake128f,3ICA,4,70346,17163.04,49.17877198,3.84715992,unified_EVP_in_process
Singapore,p256_slhdsashake128f,4ICA,5,87916,17163.04,49.17877198,3.84715992,unified_EVP_in_process
Singapore,p256_slhdsashake128s,1ICA,2,16736,7930.8,1005.76495102,1.97889422,unified_EVP_in_process
Singapore,p256_slhdsashake128s,2ICA,3,25076,7930.8,1005.76495102,1.97889422,unified_EVP_in_process
Singapore,p256_slhdsashake128s,3ICA,4,33416,7930.8,1005.76495102,1.97889422,unified_EVP_in_process
Singapore,p256_slhdsashake128s,4ICA,5,41756,7930.8,1005.76495102,1.97889422,unified_EVP_in_process
Singapore,p256_snova2454,1ICA,2,3454,322.92,1.31802292,0.927708,unified_EVP_in_process
Singapore,p256_snova2454,2ICA,3,5177,322.92,1.31802292,0.927708,unified_EVP_in_process
Singapore,p256_snova2454,3ICA,4,6889,322.92,1.31802292,0.927708,unified_EVP_in_process
Singapore,p256_snova2454,4ICA,5,8591,322.92,1.31802292,0.927708,unified_EVP_in_process
Singapore,p256_snova37172,1ICA,2,20859,198.96,1.26366836,0.9083140000000001,unified_EVP_in_process
Singapore,p256_snova37172,2ICA,3,31282,198.96,1.26366836,0.9083140000000001,unified_EVP_in_process
Singapore,p256_snova37172,3ICA,4,41702,198.96,1.26366836,0.9083140000000001,unified_EVP_in_process
Singapore,p256_snova37172,4ICA,5,52106,198.96,1.26366836,0.9083140000000001,unified_EVP_in_process
Singapore,p384_OV_III_pkc,1ICA,2,379928,306.98,2.0463482600000003,2.13562614,unified_EVP_in_process
Singapore,p384_OV_III_pkc,2ICA,3,569889,306.98,2.0463482600000003,2.13562614,unified_EVP_in_process
Singapore,p384_OV_III_pkc,3ICA,4,759837,306.98,2.0463482600000003,2.13562614,unified_EVP_in_process
Singapore,p384_OV_III_pkc,4ICA,5,949784,306.98,2.0463482600000003,2.13562614,unified_EVP_in_process
Singapore,p384_faest192f,1ICA,2,31041,15054.94,93.64197136000001,67.80376652,unified_EVP_in_process
Singapore,p384_faest192f,2ICA,3,46557,15054.94,93.64197136000001,67.80376652,unified_EVP_in_process
Singapore,p384_faest192f,3ICA,4,62063,15054.94,93.64197136000001,67.80376652,unified_EVP_in_process
Singapore,p384_faest192f,4ICA,5,77567,15054.94,93.64197136000001,67.80376652,unified_EVP_in_process
Singapore,p384_faest192s,1ICA,2,23667,11367.16,220.0438208,182.91594146,unified_EVP_in_process
Singapore,p384_faest192s,2ICA,3,35494,11367.16,220.0438208,182.91594146,unified_EVP_in_process
Singapore,p384_faest192s,3ICA,4,47312,11367.16,220.0438208,182.91594146,unified_EVP_in_process
Singapore,p384_faest192s,4ICA,5,59125,11367.16,220.0438208,182.91594146,unified_EVP_in_process
Singapore,p384_mayo3,1ICA,2,8370,788.04,2.2724699200000003,2.00539656,unified_EVP_in_process
Singapore,p384_mayo3,2ICA,3,12551,788.04,2.2724699200000003,2.00539656,unified_EVP_in_process
Singapore,p384_mayo3,3ICA,4,16724,788.04,2.2724699200000003,2.00539656,unified_EVP_in_process
Singapore,p384_mayo3,4ICA,5,20891,788.04,2.2724699200000003,2.00539656,unified_EVP_in_process
Singapore,p384_mldsa65,1ICA,2,11563,3416.1,2.05514732,1.73349262,unified_EVP_in_process
Singapore,p384_mldsa65,2ICA,3,17336,3416.1,2.05514732,1.73349262,unified_EVP_in_process
Singapore,p384_mldsa65,3ICA,4,23106,3416.1,2.05514732,1.73349262,unified_EVP_in_process
Singapore,p384_mldsa65,4ICA,5,28865,3416.1,2.05514732,1.73349262,unified_EVP_in_process
Singapore,p384_mqom2cat3gf16fastr5,1ICA,2,16746,7845.04,7.27746474,6.86079584,unified_EVP_in_process
Singapore,p384_mqom2cat3gf16fastr5,2ICA,3,25115,7845.04,7.27746474,6.86079584,unified_EVP_in_process
Singapore,p384_mqom2cat3gf16fastr5,3ICA,4,33473,7845.04,7.27746474,6.86079584,unified_EVP_in_process
Singapore,p384_mqom2cat3gf16fastr5,4ICA,5,41825,7845.04,7.27746474,6.86079584,unified_EVP_in_process
Singapore,p384_qruov3q7l10v1100m140,1ICA,2,112375,595.9,63.10548558000001,55.393655360000004,unified_EVP_in_process
Singapore,p384_qruov3q7l10v1100m140,2ICA,3,168554,595.9,63.10548558000001,55.393655360000004,unified_EVP_in_process
Singapore,p384_qruov3q7l10v1100m140,3ICA,4,224729,595.9,63.10548558000001,55.393655360000004,unified_EVP_in_process
Singapore,p384_qruov3q7l10v1100m140,4ICA,5,280896,595.9,63.10548558000001,55.393655360000004,unified_EVP_in_process
Singapore,p384_sdithhypercubecat3gf256,1ICA,2,40558,19650.86,40.03705978,37.379671880000004,unified_EVP_in_process
Singapore,p384_sdithhypercubecat3gf256,2ICA,3,60830,19650.86,40.03705978,37.379671880000004,unified_EVP_in_process
Singapore,p384_sdithhypercubecat3gf256,3ICA,4,81096,19650.86,40.03705978,37.379671880000004,unified_EVP_in_process
Singapore,p384_sdithhypercubecat3gf256,4ICA,5,101356,19650.86,40.03705978,37.379671880000004,unified_EVP_in_process
Singapore,p384_sdiththresholdcat3gf256,1ICA,2,52335,25379.66,16.5681115,4.65123088,unified_EVP_in_process
Singapore,p384_sdiththresholdcat3gf256,2ICA,3,78064,25379.66,16.5681115,4.65123088,unified_EVP_in_process
Singapore,p384_sdiththresholdcat3gf256,3ICA,4,104168,25379.66,16.5681115,4.65123088,unified_EVP_in_process
Singapore,p384_sdiththresholdcat3gf256,4ICA,5,128875,25379.66,16.5681115,4.65123088,unified_EVP_in_process
Singapore,p384_slhdsasha2192f,1ICA,2,72493,35770.74,53.742072019999995,4.48817366,unified_EVP_in_process
Singapore,p384_slhdsasha2192f,2ICA,3,108735,35770.74,53.742072019999995,4.48817366,unified_EVP_in_process
Singapore,p384_slhdsasha2192f,3ICA,4,144968,35770.74,53.742072019999995,4.48817366,unified_EVP_in_process
Singapore,p384_slhdsasha2192f,4ICA,5,181194,35770.74,53.742072019999995,4.48817366,unified_EVP_in_process
Singapore,p384_slhdsasha2192s,1ICA,2,33615,16331.16,1174.47634894,2.8861681599999995,unified_EVP_in_process
Singapore,p384_slhdsasha2192s,2ICA,3,50414,16331.16,1174.47634894,2.8861681599999995,unified_EVP_in_process
Singapore,p384_slhdsasha2192s,3ICA,4,67208,16331.16,1174.47634894,2.8861681599999995,unified_EVP_in_process
Singapore,p384_slhdsasha2192s,4ICA,5,83995,16331.16,1174.47634894,2.8861681599999995,unified_EVP_in_process
Singapore,p384_slhdsashake192f,1ICA,2,72515,35770.84,81.1946872,6.01804658,unified_EVP_in_process
Singapore,p384_slhdsashake192f,2ICA,3,108748,35770.84,81.1946872,6.01804658,unified_EVP_in_process
Singapore,p384_slhdsashake192f,3ICA,4,144977,35770.84,81.1946872,6.01804658,unified_EVP_in_process
Singapore,p384_slhdsashake192f,4ICA,5,181207,35770.84,81.1946872,6.01804658,unified_EVP_in_process
Singapore,p384_slhdsashake192s,1ICA,2,33636,16330.88,1792.42844878,3.27292724,unified_EVP_in_process
Singapore,p384_slhdsashake192s,2ICA,3,50426,16330.88,1792.42844878,3.27292724,unified_EVP_in_process
Singapore,p384_slhdsashake192s,3ICA,4,67218,16330.88,1792.42844878,3.27292724,unified_EVP_in_process
Singapore,p384_slhdsashake192s,4ICA,5,84004,16330.88,1792.42844878,3.27292724,unified_EVP_in_process
Singapore,p384_snova2455,1ICA,2,4970,485.84,3.22181944,2.1338207,unified_EVP_in_process
Singapore,p384_snova2455,2ICA,3,7449,485.84,3.22181944,2.1338207,unified_EVP_in_process
Singapore,p384_snova2455,3ICA,4,9920,485.84,3.22181944,2.1338207,unified_EVP_in_process
Singapore,p384_snova2455,4ICA,5,12386,485.84,3.22181944,2.1338207,unified_EVP_in_process
Singapore,p521_OV_V_pkc,1ICA,2,895706,402.54,3.6471817800000004,3.7466049,unified_EVP_in_process
Singapore,p521_OV_V_pkc,2ICA,3,1343551,402.54,3.6471817800000004,3.7466049,unified_EVP_in_process
Singapore,p521_OV_V_pkc,3ICA,4,1791389,402.54,3.6471817800000004,3.7466049,unified_EVP_in_process
Singapore,p521_OV_V_pkc,4ICA,5,2239222,402.54,3.6471817800000004,3.7466049,unified_EVP_in_process
Singapore,p521_faest256f,1ICA,2,54385,26690.4,122.63508318,93.55256658,unified_EVP_in_process
Singapore,p521_faest256f,2ICA,3,81573,26690.4,122.63508318,93.55256658,unified_EVP_in_process
Singapore,p521_faest256f,3ICA,4,108748,26690.4,122.63508318,93.55256658,unified_EVP_in_process
Singapore,p521_faest256f,4ICA,5,135922,26690.4,122.63508318,93.55256658,unified_EVP_in_process
Singapore,p521_faest256s,1ICA,2,42681,20838.56,368.09407980000003,333.03682119999996,unified_EVP_in_process
Singapore,p521_faest256s,2ICA,3,64017,20838.56,368.09407980000003,333.03682119999996,unified_EVP_in_process
Singapore,p521_faest256s,3ICA,4,85341,20838.56,368.09407980000003,333.03682119999996,unified_EVP_in_process
Singapore,p521_faest256s,4ICA,5,106660,20838.56,368.09407980000003,333.03682119999996,unified_EVP_in_process
Singapore,p521_falcon1024,1ICA,2,7317,1412.88,3.89056368,2.9887304799999996,unified_EVP_in_process
Singapore,p521_falcon1024,2ICA,3,10974,1412.88,3.89056368,2.9887304799999996,unified_EVP_in_process
Singapore,p521_falcon1024,3ICA,4,14628,1412.88,3.89056368,2.9887304799999996,unified_EVP_in_process
Singapore,p521_falcon1024,4ICA,5,18260,1412.88,3.89056368,2.9887304799999996,unified_EVP_in_process
Singapore,p521_hawk1024,1ICA,2,8515,1363.68,3.4503594399999997,2.80474692,unified_EVP_in_process
Singapore,p521_hawk1024,2ICA,3,12766,1363.68,3.4503594399999997,2.80474692,unified_EVP_in_process
Singapore,p521_hawk1024,3ICA,4,17010,1363.68,3.4503594399999997,2.80474692,unified_EVP_in_process
Singapore,p521_hawk1024,4ICA,5,21248,1363.68,3.4503594399999997,2.80474692,unified_EVP_in_process
Singapore,p521_mayo5,1ICA,2,14216,1106.38,4.28620558,3.29086014,unified_EVP_in_process
Singapore,p521_mayo5,2ICA,3,21316,1106.38,4.28620558,3.29086014,unified_EVP_in_process
Singapore,p521_mayo5,3ICA,4,28413,1106.38,4.28620558,3.29086014,unified_EVP_in_process
Singapore,p521_mayo5,4ICA,5,35501,1106.38,4.28620558,3.29086014,unified_EVP_in_process
Singapore,p521_mldsa87,1ICA,2,15622,4769.66,3.55372678,2.9320269999999997,unified_EVP_in_process
Singapore,p521_mldsa87,2ICA,3,23426,4769.66,3.55372678,2.9320269999999997,unified_EVP_in_process
Singapore,p521_mldsa87,3ICA,4,31224,4769.66,3.55372678,2.9320269999999997,unified_EVP_in_process
Singapore,p521_mldsa87,4ICA,5,39012,4769.66,3.55372678,2.9320269999999997,unified_EVP_in_process
Singapore,p521_mqom2cat5gf16fastr5,1ICA,2,29025,13914.4,15.539327559999998,14.00052586,unified_EVP_in_process
Singapore,p521_mqom2cat5gf16fastr5,2ICA,3,43533,13914.4,15.539327559999998,14.00052586,unified_EVP_in_process
Singapore,p521_mqom2cat5gf16fastr5,3ICA,4,58029,13914.4,15.539327559999998,14.00052586,unified_EVP_in_process
Singapore,p521_mqom2cat5gf16fastr5,4ICA,5,72520,13914.4,15.539327559999998,14.00052586,unified_EVP_in_process
Singapore,p521_qruov5q7l10v1490m190,1ICA,2,273387,804.38,158.56815032,132.17354898,unified_EVP_in_process
Singapore,p521_qruov5q7l10v1490m190,2ICA,3,410074,804.38,158.56815032,132.17354898,unified_EVP_in_process
Singapore,p521_qruov5q7l10v1490m190,3ICA,4,546753,804.38,158.56815032,132.17354898,unified_EVP_in_process
Singapore,p521_qruov5q7l10v1490m190,4ICA,5,683429,804.38,158.56815032,132.17354898,unified_EVP_in_process
Singapore,p521_sdithhypercubecat5gf256,1ICA,2,69589,34066.44,73.72651802,68.38690056,unified_EVP_in_process
Singapore,p521_sdithhypercubecat5gf256,2ICA,3,104377,34066.44,73.72651802,68.38690056,unified_EVP_in_process
Singapore,p521_sdithhypercubecat5gf256,3ICA,4,139157,34066.44,73.72651802,68.38690056,unified_EVP_in_process
Singapore,p521_sdithhypercubecat5gf256,4ICA,5,173932,34066.44,73.72651802,68.38690056,unified_EVP_in_process
Singapore,p521_sdiththresholdcat5gf256,1ICA,2,91101,44607.4,35.1853986,8.04229804,unified_EVP_in_process
Singapore,p521_sdiththresholdcat5gf256,2ICA,3,135333,44607.4,35.1853986,8.04229804,unified_EVP_in_process
Singapore,p521_sdiththresholdcat5gf256,3ICA,4,180647,44607.4,35.1853986,8.04229804,unified_EVP_in_process
Singapore,p521_sdiththresholdcat5gf256,4ICA,5,225760,44607.4,35.1853986,8.04229804,unified_EVP_in_process
Singapore,p521_slhdsasha2256f,1ICA,2,101053,49998.46,109.17768956,5.81872046,unified_EVP_in_process
Singapore,p521_slhdsasha2256f,2ICA,3,151574,49998.46,109.17768956,5.81872046,unified_EVP_in_process
Singapore,p521_slhdsasha2256f,3ICA,4,202087,49998.46,109.17768956,5.81872046,unified_EVP_in_process
Singapore,p521_slhdsasha2256f,4ICA,5,252589,49998.46,109.17768956,5.81872046,unified_EVP_in_process
Singapore,p521_slhdsasha2256s,1ICA,2,60925,29934.52,1047.31997568,4.43844116,unified_EVP_in_process
Singapore,p521_slhdsasha2256s,2ICA,3,91381,29934.52,1047.31997568,4.43844116,unified_EVP_in_process
Singapore,p521_slhdsasha2256s,3ICA,4,121832,29934.52,1047.31997568,4.43844116,unified_EVP_in_process
Singapore,p521_slhdsasha2256s,4ICA,5,152275,29934.52,1047.31997568,4.43844116,unified_EVP_in_process
Singapore,p521_slhdsashake256f,1ICA,2,101076,49998.52,167.7769656,7.222276419999999,unified_EVP_in_process
Singapore,p521_slhdsashake256f,2ICA,3,151587,49998.52,167.7769656,7.222276419999999,unified_EVP_in_process
Singapore,p521_slhdsashake256f,3ICA,4,202094,49998.52,167.7769656,7.222276419999999,unified_EVP_in_process
Singapore,p521_slhdsashake256f,4ICA,5,252603,49998.52,167.7769656,7.222276419999999,unified_EVP_in_process
Singapore,p521_slhdsashake256s,1ICA,2,60947,29934.46,1616.61844938,5.11808478,unified_EVP_in_process
Singapore,p521_slhdsashake256s,2ICA,3,91394,29934.46,1616.61844938,5.11808478,unified_EVP_in_process
Singapore,p521_slhdsashake256s,3ICA,4,121840,29934.46,1616.61844938,5.11808478,unified_EVP_in_process
Singapore,p521_slhdsashake256s,4ICA,5,152282,29934.46,1616.61844938,5.11808478,unified_EVP_in_process
Singapore,p521_snova2965,1ICA,2,7537,596.52,5.3831877,3.41523012,unified_EVP_in_process
Singapore,p521_snova2965,2ICA,3,11301,596.52,5.3831877,3.41523012,unified_EVP_in_process
Singapore,p521_snova2965,3ICA,4,15054,596.52,5.3831877,3.41523012,unified_EVP_in_process
Singapore,p521_snova2965,4ICA,5,18802,596.52,5.3831877,3.41523012,unified_EVP_in_process
Singapore,rsa15360_OV_V_pkc,1ICA,2,902886,2184.0,381.7859762,3.42420118,unified_EVP_in_process
Singapore,rsa15360_OV_V_pkc,2ICA,3,1354323,2184.0,381.7859762,3.42420118,unified_EVP_in_process
Singapore,rsa15360_OV_V_pkc,3ICA,4,1805752,2184.0,381.7859762,3.42420118,unified_EVP_in_process
Singapore,rsa15360_OV_V_pkc,4ICA,5,2257175,2184.0,381.7859762,3.42420118,unified_EVP_in_process
Singapore,rsa15360_faest256f,1ICA,2,61570,28472.0,494.34215526,93.10324378,unified_EVP_in_process
Singapore,rsa15360_faest256f,2ICA,3,92349,28472.0,494.34215526,93.10324378,unified_EVP_in_process
Singapore,rsa15360_faest256f,3ICA,4,123120,28472.0,494.34215526,93.10324378,unified_EVP_in_process
Singapore,rsa15360_faest256f,4ICA,5,153885,28472.0,494.34215526,93.10324378,unified_EVP_in_process
Singapore,rsa15360_faest256s,1ICA,2,49866,22620.0,748.60700174,332.15782172,unified_EVP_in_process
Singapore,rsa15360_faest256s,2ICA,3,74793,22620.0,748.60700174,332.15782172,unified_EVP_in_process
Singapore,rsa15360_faest256s,3ICA,4,99712,22620.0,748.60700174,332.15782172,unified_EVP_in_process
Singapore,rsa15360_faest256s,4ICA,5,124625,22620.0,748.60700174,332.15782172,unified_EVP_in_process
Singapore,rsa15360_falcon1024,1ICA,2,14518,3195.02,383.96424888,2.51942338,unified_EVP_in_process
Singapore,rsa15360_falcon1024,2ICA,3,21771,3195.02,383.96424888,2.51942338,unified_EVP_in_process
Singapore,rsa15360_falcon1024,3ICA,4,28994,3195.02,383.96424888,2.51942338,unified_EVP_in_process
Singapore,rsa15360_falcon1024,4ICA,5,36237,3195.02,383.96424888,2.51942338,unified_EVP_in_process
Singapore,rsa15360_hawk1024,1ICA,2,15696,3145.0,383.32130728,2.52503728,unified_EVP_in_process
Singapore,rsa15360_hawk1024,2ICA,3,23538,3145.0,383.32130728,2.52503728,unified_EVP_in_process
Singapore,rsa15360_hawk1024,3ICA,4,31372,3145.0,383.32130728,2.52503728,unified_EVP_in_process
Singapore,rsa15360_hawk1024,4ICA,5,39200,3145.0,383.32130728,2.52503728,unified_EVP_in_process
Singapore,rsa15360_mayo5,1ICA,2,21398,2888.0,384.01819744,2.9341852399999997,unified_EVP_in_process
Singapore,rsa15360_mayo5,2ICA,3,32091,2888.0,384.01819744,2.9341852399999997,unified_EVP_in_process
Singapore,rsa15360_mayo5,3ICA,4,42776,2888.0,384.01819744,2.9341852399999997,unified_EVP_in_process
Singapore,rsa15360_mayo5,4ICA,5,53455,2888.0,384.01819744,2.9341852399999997,unified_EVP_in_process
Singapore,rsa15360_mldsa87,1ICA,2,22808,6551.0,383.86398606,2.55550676,unified_EVP_in_process
Singapore,rsa15360_mldsa87,2ICA,3,34205,6551.0,383.86398606,2.55550676,unified_EVP_in_process
Singapore,rsa15360_mldsa87,3ICA,4,45596,6551.0,383.86398606,2.55550676,unified_EVP_in_process
Singapore,rsa15360_mldsa87,4ICA,5,56980,6551.0,383.86398606,2.55550676,unified_EVP_in_process
Singapore,rsa15360_mqom2cat5gf16fastr5,1ICA,2,36206,15696.0,395.61356992000003,13.7049767,unified_EVP_in_process
Singapore,rsa15360_mqom2cat5gf16fastr5,2ICA,3,54303,15696.0,395.61356992000003,13.7049767,unified_EVP_in_process
Singapore,rsa15360_mqom2cat5gf16fastr5,3ICA,4,72392,15696.0,395.61356992000003,13.7049767,unified_EVP_in_process
Singapore,rsa15360_mqom2cat5gf16fastr5,4ICA,5,90475,15696.0,395.61356992000003,13.7049767,unified_EVP_in_process
Singapore,rsa15360_qruov5q7l10v1490m190,1ICA,2,280568,2586.0,534.19742318,131.56208114,unified_EVP_in_process
Singapore,rsa15360_qruov5q7l10v1490m190,2ICA,3,420846,2586.0,534.19742318,131.56208114,unified_EVP_in_process
Singapore,rsa15360_qruov5q7l10v1490m190,3ICA,4,561116,2586.0,534.19742318,131.56208114,unified_EVP_in_process
Singapore,rsa15360_qruov5q7l10v1490m190,4ICA,5,701380,2586.0,534.19742318,131.56208114,unified_EVP_in_process
Singapore,rsa15360_sdithhypercubecat5gf256,1ICA,2,76770,35848.0,453.64436636,68.24397818,unified_EVP_in_process
Singapore,rsa15360_sdithhypercubecat5gf256,2ICA,3,115149,35848.0,453.64436636,68.24397818,unified_EVP_in_process
Singapore,rsa15360_sdithhypercubecat5gf256,3ICA,4,153520,35848.0,453.64436636,68.24397818,unified_EVP_in_process
Singapore,rsa15360_sdithhypercubecat5gf256,4ICA,5,191885,35848.0,453.64436636,68.24397818,unified_EVP_in_process
Singapore,rsa15360_sdiththresholdcat5gf256,1ICA,2,97642,46410.72,407.06073724000004,7.563139619999999,unified_EVP_in_process
Singapore,rsa15360_sdiththresholdcat5gf256,2ICA,3,146809,46410.72,407.06073724000004,7.563139619999999,unified_EVP_in_process
Singapore,rsa15360_sdiththresholdcat5gf256,3ICA,4,195264,46410.72,407.06073724000004,7.563139619999999,unified_EVP_in_process
Singapore,rsa15360_sdiththresholdcat5gf256,4ICA,5,244225,46410.72,407.06073724000004,7.563139619999999,unified_EVP_in_process
Singapore,rsa15360_slhdsasha2256f,1ICA,2,108238,51780.0,489.88514012,5.25175732,unified_EVP_in_process
Singapore,rsa15360_slhdsasha2256f,2ICA,3,162351,51780.0,489.88514012,5.25175732,unified_EVP_in_process
Singapore,rsa15360_slhdsasha2256f,3ICA,4,216456,51780.0,489.88514012,5.25175732,unified_EVP_in_process
Singapore,rsa15360_slhdsasha2256f,4ICA,5,270555,51780.0,489.88514012,5.25175732,unified_EVP_in_process
Singapore,rsa15360_slhdsasha2256s,1ICA,2,68110,31716.0,1426.8765470399999,3.8429913,unified_EVP_in_process
Singapore,rsa15360_slhdsasha2256s,2ICA,3,102159,31716.0,1426.8765470399999,3.8429913,unified_EVP_in_process
Singapore,rsa15360_slhdsasha2256s,3ICA,4,136200,31716.0,1426.8765470399999,3.8429913,unified_EVP_in_process
Singapore,rsa15360_slhdsasha2256s,4ICA,5,170235,31716.0,1426.8765470399999,3.8429913,unified_EVP_in_process
Singapore,rsa15360_slhdsashake256f,1ICA,2,108260,51780.0,539.25752268,6.87321506,unified_EVP_in_process
Singapore,rsa15360_slhdsashake256f,2ICA,3,162363,51780.0,539.25752268,6.87321506,unified_EVP_in_process
Singapore,rsa15360_slhdsashake256f,3ICA,4,216464,51780.0,539.25752268,6.87321506,unified_EVP_in_process
Singapore,rsa15360_slhdsashake256f,4ICA,5,270565,51780.0,539.25752268,6.87321506,unified_EVP_in_process
Singapore,rsa15360_slhdsashake256s,1ICA,2,68132,31716.0,1997.4611317999997,4.7171086,unified_EVP_in_process
Singapore,rsa15360_slhdsashake256s,2ICA,3,102171,31716.0,1997.4611317999997,4.7171086,unified_EVP_in_process
Singapore,rsa15360_slhdsashake256s,3ICA,4,136208,31716.0,1997.4611317999997,4.7171086,unified_EVP_in_process
Singapore,rsa15360_slhdsashake256s,4ICA,5,170245,31716.0,1997.4611317999997,4.7171086,unified_EVP_in_process
Singapore,rsa15360_snova2965,1ICA,2,14718,2378.0,385.8499908,2.9516253,unified_EVP_in_process
Singapore,rsa15360_snova2965,2ICA,3,22071,2378.0,385.8499908,2.9516253,unified_EVP_in_process
Singapore,rsa15360_snova2965,3ICA,4,29416,2378.0,385.8499908,2.9516253,unified_EVP_in_process
Singapore,rsa15360_snova2965,4ICA,5,36755,2378.0,385.8499908,2.9516253,unified_EVP_in_process
Singapore,rsa3072_OV_Ip_pkc,1ICA,2,89638,516.0,4.02323502,0.88688536,unified_EVP_in_process
Singapore,rsa3072_OV_Ip_pkc,2ICA,3,134451,516.0,4.02323502,0.88688536,unified_EVP_in_process
Singapore,rsa3072_OV_Ip_pkc,3ICA,4,179256,516.0,4.02323502,0.88688536,unified_EVP_in_process
Singapore,rsa3072_OV_Ip_pkc,4ICA,5,224055,516.0,4.02323502,0.88688536,unified_EVP_in_process
Singapore,rsa3072_OV_Is_pkc,1ICA,2,135582,484.0,4.09570438,0.9527275000000001,unified_EVP_in_process
Singapore,rsa3072_OV_Is_pkc,2ICA,3,203367,484.0,4.09570438,0.9527275000000001,unified_EVP_in_process
Singapore,rsa3072_OV_Is_pkc,3ICA,4,271144,484.0,4.09570438,0.9527275000000001,unified_EVP_in_process
Singapore,rsa3072_OV_Is_pkc,4ICA,5,338915,484.0,4.09570438,0.9527275000000001,unified_EVP_in_process
Singapore,rsa3072_faest128f,1ICA,2,14142,6312.0,21.76768756,14.82357624,unified_EVP_in_process
Singapore,rsa3072_faest128f,2ICA,3,21207,6312.0,21.76768756,14.82357624,unified_EVP_in_process
Singapore,rsa3072_faest128f,3ICA,4,28264,6312.0,21.76768756,14.82357624,unified_EVP_in_process
Singapore,rsa3072_faest128f,4ICA,5,35315,6312.0,21.76768756,14.82357624,unified_EVP_in_process
Singapore,rsa3072_faest128s,1ICA,2,11306,4894.0,59.99939146,49.40532346,unified_EVP_in_process
Singapore,rsa3072_faest128s,2ICA,3,16953,4894.0,59.99939146,49.40532346,unified_EVP_in_process
Singapore,rsa3072_faest128s,3ICA,4,22592,4894.0,59.99939146,49.40532346,unified_EVP_in_process
Singapore,rsa3072_faest128s,4ICA,5,28225,4894.0,59.99939146,49.40532346,unified_EVP_in_process
Singapore,rsa3072_falcon512,1ICA,2,5327,1043.24,4.33375998,0.9256736,unified_EVP_in_process
Singapore,rsa3072_falcon512,2ICA,3,7986,1043.24,4.33375998,0.9256736,unified_EVP_in_process
Singapore,rsa3072_falcon512,3ICA,4,10630,1043.24,4.33375998,0.9256736,unified_EVP_in_process
Singapore,rsa3072_falcon512,4ICA,5,13276,1043.24,4.33375998,0.9256736,unified_EVP_in_process
Singapore,rsa3072_hawk512,1ICA,2,5380,943.0,4.0367986,0.8215025,unified_EVP_in_process
Singapore,rsa3072_hawk512,2ICA,3,8064,943.0,4.0367986,0.8215025,unified_EVP_in_process
Singapore,rsa3072_hawk512,3ICA,4,10740,943.0,4.0367986,0.8215025,unified_EVP_in_process
Singapore,rsa3072_hawk512,4ICA,5,13410,943.0,4.0367986,0.8215025,unified_EVP_in_process
Singapore,rsa3072_mayo1,1ICA,2,5962,842.0,4.36549356,0.9012835200000001,unified_EVP_in_process
Singapore,rsa3072_mayo1,2ICA,3,8937,842.0,4.36549356,0.9012835200000001,unified_EVP_in_process
Singapore,rsa3072_mayo1,3ICA,4,11904,842.0,4.36549356,0.9012835200000001,unified_EVP_in_process
Singapore,rsa3072_mayo1,4ICA,5,14865,842.0,4.36549356,0.9012835200000001,unified_EVP_in_process
Singapore,rsa3072_mayo2,1ICA,2,12410,574.0,4.14839266,0.8009593599999999,unified_EVP_in_process
Singapore,rsa3072_mayo2,2ICA,3,18609,574.0,4.14839266,0.8009593599999999,unified_EVP_in_process
Singapore,rsa3072_mayo2,3ICA,4,24800,574.0,4.14839266,0.8009593599999999,unified_EVP_in_process
Singapore,rsa3072_mayo2,4ICA,5,30985,574.0,4.14839266,0.8009593599999999,unified_EVP_in_process
Singapore,rsa3072_mldsa44,1ICA,2,9680,2808.0,4.1725179400000005,0.90453046,unified_EVP_in_process
Singapore,rsa3072_mldsa44,2ICA,3,14514,2808.0,4.1725179400000005,0.90453046,unified_EVP_in_process
Singapore,rsa3072_mldsa44,3ICA,4,19340,2808.0,4.1725179400000005,0.90453046,unified_EVP_in_process
Singapore,rsa3072_mldsa44,4ICA,5,24160,2808.0,4.1725179400000005,0.90453046,unified_EVP_in_process
Singapore,rsa3072_mqom2cat1gf16fastr5,1ICA,2,8950,3668.0,5.54430832,2.08246284,unified_EVP_in_process
Singapore,rsa3072_mqom2cat1gf16fastr5,2ICA,3,13419,3668.0,5.54430832,2.08246284,unified_EVP_in_process
Singapore,rsa3072_mqom2cat1gf16fastr5,3ICA,4,17880,3668.0,5.54430832,2.08246284,unified_EVP_in_process
Singapore,rsa3072_mqom2cat1gf16fastr5,4ICA,5,22335,3668.0,5.54430832,2.08246284,unified_EVP_in_process
Singapore,rsa3072_qruov1q7l10v740m100,1ICA,2,44214,719.0,23.65556396,18.36988412,unified_EVP_in_process
Singapore,rsa3072_qruov1q7l10v740m100,2ICA,3,66315,719.0,23.65556396,18.36988412,unified_EVP_in_process
Singapore,rsa3072_qruov1q7l10v740m100,3ICA,4,88408,719.0,23.65556396,18.36988412,unified_EVP_in_process
Singapore,rsa3072_qruov1q7l10v740m100,4ICA,5,110495,719.0,23.65556396,18.36988412,unified_EVP_in_process
Singapore,rsa3072_sdithhypercubecat1gf256,1ICA,2,19542,8884.0,18.1181725,14.184322239999998,unified_EVP_in_process
Singapore,rsa3072_sdithhypercubecat1gf256,2ICA,3,29307,8884.0,18.1181725,14.184322239999998,unified_EVP_in_process
Singapore,rsa3072_sdithhypercubecat1gf256,3ICA,4,39064,8884.0,18.1181725,14.184322239999998,unified_EVP_in_process
Singapore,rsa3072_sdithhypercubecat1gf256,4ICA,5,48815,8884.0,18.1181725,14.184322239999998,unified_EVP_in_process
Singapore,rsa3072_sdiththresholdcat1gf256,1ICA,2,23430,10736.48,9.9400593,1.7790385,unified_EVP_in_process
Singapore,rsa3072_sdiththresholdcat1gf256,2ICA,3,35091,10736.48,9.9400593,1.7790385,unified_EVP_in_process
Singapore,rsa3072_sdiththresholdcat1gf256,3ICA,4,46680,10736.48,9.9400593,1.7790385,unified_EVP_in_process
Singapore,rsa3072_sdiththresholdcat1gf256,4ICA,5,58711,10736.48,9.9400593,1.7790385,unified_EVP_in_process
Singapore,rsa3072_slhdsasha2128f,1ICA,2,36490,17476.0,35.14300076,2.81801806,unified_EVP_in_process
Singapore,rsa3072_slhdsasha2128f,2ICA,3,54729,17476.0,35.14300076,2.81801806,unified_EVP_in_process
Singapore,rsa3072_slhdsasha2128f,3ICA,4,72960,17476.0,35.14300076,2.81801806,unified_EVP_in_process
Singapore,rsa3072_slhdsasha2128f,4ICA,5,91185,17476.0,35.14300076,2.81801806,unified_EVP_in_process
Singapore,rsa3072_slhdsasha2128s,1ICA,2,18026,8244.0,651.8047660799999,1.66218834,unified_EVP_in_process
Singapore,rsa3072_slhdsasha2128s,2ICA,3,27033,8244.0,651.8047660799999,1.66218834,unified_EVP_in_process
Singapore,rsa3072_slhdsasha2128s,3ICA,4,36032,8244.0,651.8047660799999,1.66218834,unified_EVP_in_process
Singapore,rsa3072_slhdsasha2128s,4ICA,5,45025,8244.0,651.8047660799999,1.66218834,unified_EVP_in_process
Singapore,rsa3072_slhdsashake128f,1ICA,2,36512,17476.0,52.37526628,3.79062138,unified_EVP_in_process
Singapore,rsa3072_slhdsashake128f,2ICA,3,54741,17476.0,52.37526628,3.79062138,unified_EVP_in_process
Singapore,rsa3072_slhdsashake128f,3ICA,4,72968,17476.0,52.37526628,3.79062138,unified_EVP_in_process
Singapore,rsa3072_slhdsashake128f,4ICA,5,91195,17476.0,52.37526628,3.79062138,unified_EVP_in_process
Singapore,rsa3072_slhdsashake128s,1ICA,2,18048,8244.0,1007.46629116,1.8901583199999998,unified_EVP_in_process
Singapore,rsa3072_slhdsashake128s,2ICA,3,27045,8244.0,1007.46629116,1.8901583199999998,unified_EVP_in_process
Singapore,rsa3072_slhdsashake128s,3ICA,4,36040,8244.0,1007.46629116,1.8901583199999998,unified_EVP_in_process
Singapore,rsa3072_slhdsashake128s,4ICA,5,45035,8244.0,1007.46629116,1.8901583199999998,unified_EVP_in_process
Singapore,rsa3072_snova2454,1ICA,2,4758,636.0,4.63330394,0.9374242599999999,unified_EVP_in_process
Singapore,rsa3072_snova2454,2ICA,3,7131,636.0,4.63330394,0.9374242599999999,unified_EVP_in_process
Singapore,rsa3072_snova2454,3ICA,4,9496,636.0,4.63330394,0.9374242599999999,unified_EVP_in_process
Singapore,rsa3072_snova2454,4ICA,5,11855,636.0,4.63330394,0.9374242599999999,unified_EVP_in_process
Singapore,rsa3072_snova37172,1ICA,2,22166,512.0,4.57019544,0.86956652,unified_EVP_in_process
Singapore,rsa3072_snova37172,2ICA,3,33243,512.0,4.57019544,0.86956652,unified_EVP_in_process
Singapore,rsa3072_snova37172,3ICA,4,44312,512.0,4.57019544,0.86956652,unified_EVP_in_process
Singapore,rsa3072_snova37172,4ICA,5,55375,512.0,4.57019544,0.86956652,unified_EVP_in_process
Singapore,rsa7680_OV_III_pkc,1ICA,2,383410,1164.0,71.56604716,1.67354382,unified_EVP_in_process
Singapore,rsa7680_OV_III_pkc,2ICA,3,575109,1164.0,71.56604716,1.67354382,unified_EVP_in_process
Singapore,rsa7680_OV_III_pkc,3ICA,4,766800,1164.0,71.56604716,1.67354382,unified_EVP_in_process
Singapore,rsa7680_OV_III_pkc,4ICA,5,958485,1164.0,71.56604716,1.67354382,unified_EVP_in_process
Singapore,rsa7680_faest192f,1ICA,2,34526,15912.0,163.1139054,66.9427158,unified_EVP_in_process
Singapore,rsa7680_faest192f,2ICA,3,51783,15912.0,163.1139054,66.9427158,unified_EVP_in_process
Singapore,rsa7680_faest192f,3ICA,4,69032,15912.0,163.1139054,66.9427158,unified_EVP_in_process
Singapore,rsa7680_faest192f,4ICA,5,86275,15912.0,163.1139054,66.9427158,unified_EVP_in_process
Singapore,rsa7680_faest192s,1ICA,2,27150,12224.0,293.46916304,182.1834723,unified_EVP_in_process
Singapore,rsa7680_faest192s,2ICA,3,40719,12224.0,293.46916304,182.1834723,unified_EVP_in_process
Singapore,rsa7680_faest192s,3ICA,4,54280,12224.0,293.46916304,182.1834723,unified_EVP_in_process
Singapore,rsa7680_faest192s,4ICA,5,67835,12224.0,293.46916304,182.1834723,unified_EVP_in_process
Singapore,rsa7680_mayo3,1ICA,2,11852,1645.0,73.70216185999999,1.4500411199999999,unified_EVP_in_process
Singapore,rsa7680_mayo3,2ICA,3,17772,1645.0,73.70216185999999,1.4500411199999999,unified_EVP_in_process
Singapore,rsa7680_mayo3,3ICA,4,23684,1645.0,73.70216185999999,1.4500411199999999,unified_EVP_in_process
Singapore,rsa7680_mayo3,4ICA,5,29590,1645.0,73.70216185999999,1.4500411199999999,unified_EVP_in_process
Singapore,rsa7680_mldsa65,1ICA,2,15048,4273.0,72.04748330000001,1.39545922,unified_EVP_in_process
Singapore,rsa7680_mldsa65,2ICA,3,22566,4273.0,72.04748330000001,1.39545922,unified_EVP_in_process
Singapore,rsa7680_mldsa65,3ICA,4,30076,4273.0,72.04748330000001,1.39545922,unified_EVP_in_process
Singapore,rsa7680_mldsa65,4ICA,5,37580,4273.0,72.04748330000001,1.39545922,unified_EVP_in_process
Singapore,rsa7680_mqom2cat3gf16fastr5,1ICA,2,20230,8702.0,76.89064669999999,6.392504679999999,unified_EVP_in_process
Singapore,rsa7680_mqom2cat3gf16fastr5,2ICA,3,30339,8702.0,76.89064669999999,6.392504679999999,unified_EVP_in_process
Singapore,rsa7680_mqom2cat3gf16fastr5,3ICA,4,40440,8702.0,76.89064669999999,6.392504679999999,unified_EVP_in_process
Singapore,rsa7680_mqom2cat3gf16fastr5,4ICA,5,50535,8702.0,76.89064669999999,6.392504679999999,unified_EVP_in_process
Singapore,rsa7680_qruov3q7l10v1100m140,1ICA,2,115854,1453.0,132.72765798,54.744867940000006,unified_EVP_in_process
Singapore,rsa7680_qruov3q7l10v1100m140,2ICA,3,173775,1453.0,132.72765798,54.744867940000006,unified_EVP_in_process
Singapore,rsa7680_qruov3q7l10v1100m140,3ICA,4,231688,1453.0,132.72765798,54.744867940000006,unified_EVP_in_process
Singapore,rsa7680_qruov3q7l10v1100m140,4ICA,5,289595,1453.0,132.72765798,54.744867940000006,unified_EVP_in_process
Singapore,rsa7680_sdithhypercubecat3gf256,1ICA,2,44038,20508.0,109.77353826000001,37.012517980000005,unified_EVP_in_process
Singapore,rsa7680_sdithhypercubecat3gf256,2ICA,3,66051,20508.0,109.77353826000001,37.012517980000005,unified_EVP_in_process
Singapore,rsa7680_sdithhypercubecat3gf256,3ICA,4,88056,20508.0,109.77353826000001,37.012517980000005,unified_EVP_in_process
Singapore,rsa7680_sdithhypercubecat3gf256,4ICA,5,110055,20508.0,109.77353826000001,37.012517980000005,unified_EVP_in_process
Singapore,rsa7680_sdiththresholdcat3gf256,1ICA,2,55910,26209.76,86.3781107,4.21132248,unified_EVP_in_process
Singapore,rsa7680_sdiththresholdcat3gf256,2ICA,3,82947,26209.76,86.3781107,4.21132248,unified_EVP_in_process
Singapore,rsa7680_sdiththresholdcat3gf256,3ICA,4,111656,26209.76,86.3781107,4.21132248,unified_EVP_in_process
Singapore,rsa7680_sdiththresholdcat3gf256,4ICA,5,137863,26209.76,86.3781107,4.21132248,unified_EVP_in_process
Singapore,rsa7680_slhdsasha2192f,1ICA,2,75978,36628.0,125.63753182,4.06232404,unified_EVP_in_process
Singapore,rsa7680_slhdsasha2192f,2ICA,3,113961,36628.0,125.63753182,4.06232404,unified_EVP_in_process
Singapore,rsa7680_slhdsasha2192f,3ICA,4,151936,36628.0,125.63753182,4.06232404,unified_EVP_in_process
Singapore,rsa7680_slhdsasha2192f,4ICA,5,189905,36628.0,125.63753182,4.06232404,unified_EVP_in_process
Singapore,rsa7680_slhdsasha2192s,1ICA,2,37098,17188.0,1246.85192182,2.18208894,unified_EVP_in_process
Singapore,rsa7680_slhdsasha2192s,2ICA,3,55641,17188.0,1246.85192182,2.18208894,unified_EVP_in_process
Singapore,rsa7680_slhdsasha2192s,3ICA,4,74176,17188.0,1246.85192182,2.18208894,unified_EVP_in_process
Singapore,rsa7680_slhdsasha2192s,4ICA,5,92705,17188.0,1246.85192182,2.18208894,unified_EVP_in_process
Singapore,rsa7680_slhdsashake192f,1ICA,2,76000,36628.0,150.92034698,5.4079058,unified_EVP_in_process
Singapore,rsa7680_slhdsashake192f,2ICA,3,113973,36628.0,150.92034698,5.4079058,unified_EVP_in_process
Singapore,rsa7680_slhdsashake192f,3ICA,4,151944,36628.0,150.92034698,5.4079058,unified_EVP_in_process
Singapore,rsa7680_slhdsashake192f,4ICA,5,189915,36628.0,150.92034698,5.4079058,unified_EVP_in_process
Singapore,rsa7680_slhdsashake192s,1ICA,2,37120,17188.0,1867.9482877,2.79668212,unified_EVP_in_process
Singapore,rsa7680_slhdsashake192s,2ICA,3,55653,17188.0,1867.9482877,2.79668212,unified_EVP_in_process
Singapore,rsa7680_slhdsashake192s,3ICA,4,74184,17188.0,1867.9482877,2.79668212,unified_EVP_in_process
Singapore,rsa7680_slhdsashake192s,4ICA,5,92715,17188.0,1867.9482877,2.79668212,unified_EVP_in_process
Singapore,rsa7680_snova2455,1ICA,2,8450,1343.0,73.20245713999999,1.6855383000000002,unified_EVP_in_process
Singapore,rsa7680_snova2455,2ICA,3,12668,1343.0,73.20245713999999,1.6855383000000002,unified_EVP_in_process
Singapore,rsa7680_snova2455,3ICA,4,16880,1343.0,73.20245713999999,1.6855383000000002,unified_EVP_in_process
Singapore,rsa7680_snova2455,4ICA,5,21085,1343.0,73.20245713999999,1.6855383000000002,unified_EVP_in_process
Tokyo,p256_OV_Ip_pkc,1ICA,2,88331,202.9,0.90108348,0.7857322999999999,unified_EVP_in_process
Tokyo,p256_OV_Ip_pkc,2ICA,3,132491,202.9,0.90108348,0.7857322999999999,unified_EVP_in_process
Tokyo,p256_OV_Ip_pkc,3ICA,4,176643,202.9,0.90108348,0.7857322999999999,unified_EVP_in_process
Tokyo,p256_OV_Ip_pkc,4ICA,5,220791,202.9,0.90108348,0.7857322999999999,unified_EVP_in_process
Tokyo,p256_OV_Is_pkc,1ICA,2,134276,171.02,0.9254946,0.87171858,unified_EVP_in_process
Tokyo,p256_OV_Is_pkc,2ICA,3,201408,171.02,0.9254946,0.87171858,unified_EVP_in_process
Tokyo,p256_OV_Is_pkc,3ICA,4,268530,171.02,0.9254946,0.87171858,unified_EVP_in_process
Tokyo,p256_OV_Is_pkc,4ICA,5,335650,171.02,0.9254946,0.87171858,unified_EVP_in_process
Tokyo,p256_faest128f,1ICA,2,12830,5998.92,18.4113905,14.8219531,unified_EVP_in_process
Tokyo,p256_faest128f,2ICA,3,19239,5998.92,18.4113905,14.8219531,unified_EVP_in_process
Tokyo,p256_faest128f,3ICA,4,25640,5998.92,18.4113905,14.8219531,unified_EVP_in_process
Tokyo,p256_faest128f,4ICA,5,32036,5998.92,18.4113905,14.8219531,unified_EVP_in_process
Tokyo,p256_faest128s,1ICA,2,9993,4581.0,57.55708306,49.375288579999996,unified_EVP_in_process
Tokyo,p256_faest128s,2ICA,3,14984,4581.0,57.55708306,49.375288579999996,unified_EVP_in_process
Tokyo,p256_faest128s,3ICA,4,19967,4581.0,57.55708306,49.375288579999996,unified_EVP_in_process
Tokyo,p256_faest128s,4ICA,5,24946,4581.0,57.55708306,49.375288579999996,unified_EVP_in_process
Tokyo,p256_falcon512,1ICA,2,4020,730.5,1.06072312,0.82178278,unified_EVP_in_process
Tokyo,p256_falcon512,2ICA,3,6035,730.5,1.06072312,0.82178278,unified_EVP_in_process
Tokyo,p256_falcon512,3ICA,4,8026,730.5,1.06072312,0.82178278,unified_EVP_in_process
Tokyo,p256_falcon512,4ICA,5,10023,730.5,1.06072312,0.82178278,unified_EVP_in_process
Tokyo,p256_hawk512,1ICA,2,4077,630.04,0.8849465000000001,0.75048232,unified_EVP_in_process
Tokyo,p256_hawk512,2ICA,3,6109,630.04,0.8849465000000001,0.75048232,unified_EVP_in_process
Tokyo,p256_hawk512,3ICA,4,8131,630.04,0.8849465000000001,0.75048232,unified_EVP_in_process
Tokyo,p256_hawk512,4ICA,5,10151,630.04,0.8849465000000001,0.75048232,unified_EVP_in_process
Tokyo,p256_mayo1,1ICA,2,4658,529.1,1.0786795200000001,0.85828528,unified_EVP_in_process
Tokyo,p256_mayo1,2ICA,3,6981,529.1,1.0786795200000001,0.85828528,unified_EVP_in_process
Tokyo,p256_mayo1,3ICA,4,9295,529.1,1.0786795200000001,0.85828528,unified_EVP_in_process
Tokyo,p256_mayo1,4ICA,5,11605,529.1,1.0786795200000001,0.85828528,unified_EVP_in_process
Tokyo,p256_mayo2,1ICA,2,11105,261.0,0.9758090799999999,0.74838206,unified_EVP_in_process
Tokyo,p256_mayo2,2ICA,3,16653,261.0,0.9758090799999999,0.74838206,unified_EVP_in_process
Tokyo,p256_mayo2,3ICA,4,22191,261.0,0.9758090799999999,0.74838206,unified_EVP_in_process
Tokyo,p256_mayo2,4ICA,5,27724,261.0,0.9758090799999999,0.74838206,unified_EVP_in_process
Tokyo,p256_mldsa44,1ICA,2,8378,2495.06,0.9513522999999999,0.8061123600000001,unified_EVP_in_process
Tokyo,p256_mldsa44,2ICA,3,12558,2495.06,0.9513522999999999,0.8061123600000001,unified_EVP_in_process
Tokyo,p256_mldsa44,3ICA,4,16731,2495.06,0.9513522999999999,0.8061123600000001,unified_EVP_in_process
Tokyo,p256_mldsa44,4ICA,5,20899,2495.06,0.9513522999999999,0.8061123600000001,unified_EVP_in_process
Tokyo,p256_mqom2cat1gf16fastr5,1ICA,2,7642,3354.94,2.22406376,2.0890395,unified_EVP_in_process
Tokyo,p256_mqom2cat1gf16fastr5,2ICA,3,11457,3354.94,2.22406376,2.0890395,unified_EVP_in_process
Tokyo,p256_mqom2cat1gf16fastr5,3ICA,4,15264,3354.94,2.22406376,2.0890395,unified_EVP_in_process
Tokyo,p256_mqom2cat1gf16fastr5,4ICA,5,19065,3354.94,2.22406376,2.0890395,unified_EVP_in_process
Tokyo,p256_qruov1q7l10v740m100,1ICA,2,42911,405.9,20.33658782,18.45057934,unified_EVP_in_process
Tokyo,p256_qruov1q7l10v740m100,2ICA,3,64359,405.9,20.33658782,18.45057934,unified_EVP_in_process
Tokyo,p256_qruov1q7l10v740m100,3ICA,4,85798,405.9,20.33658782,18.45057934,unified_EVP_in_process
Tokyo,p256_qruov1q7l10v740m100,4ICA,5,107237,405.9,20.33658782,18.45057934,unified_EVP_in_process
Tokyo,p256_sdithhypercubecat1gf256,1ICA,2,18234,8571.0,14.67059934,14.1640829,unified_EVP_in_process
Tokyo,p256_sdithhypercubecat1gf256,2ICA,3,27347,8571.0,14.67059934,14.1640829,unified_EVP_in_process
Tokyo,p256_sdithhypercubecat1gf256,3ICA,4,36448,8571.0,14.67059934,14.1640829,unified_EVP_in_process
Tokyo,p256_sdithhypercubecat1gf256,4ICA,5,45547,8571.0,14.67059934,14.1640829,unified_EVP_in_process
Tokyo,p256_sdiththresholdcat1gf256,1ICA,2,21995,10423.96,6.62881542,1.8260273599999999,unified_EVP_in_process
Tokyo,p256_sdiththresholdcat1gf256,2ICA,3,33065,10423.96,6.62881542,1.8260273599999999,unified_EVP_in_process
Tokyo,p256_sdiththresholdcat1gf256,3ICA,4,44352,10423.96,6.62881542,1.8260273599999999,unified_EVP_in_process
Tokyo,p256_sdiththresholdcat1gf256,4ICA,5,54992,10423.96,6.62881542,1.8260273599999999,unified_EVP_in_process
Tokyo,p256_slhdsasha2128f,1ICA,2,35179,17163.06,31.76290082,2.89286264,unified_EVP_in_process
Tokyo,p256_slhdsasha2128f,2ICA,3,52760,17163.06,31.76290082,2.89286264,unified_EVP_in_process
Tokyo,p256_slhdsasha2128f,3ICA,4,70335,17163.06,31.76290082,2.89286264,unified_EVP_in_process
Tokyo,p256_slhdsasha2128f,4ICA,5,87907,17163.06,31.76290082,2.89286264,unified_EVP_in_process
Tokyo,p256_slhdsasha2128s,1ICA,2,16714,7930.94,647.4048328,1.6909886399999998,unified_EVP_in_process
Tokyo,p256_slhdsasha2128s,2ICA,3,25066,7930.94,647.4048328,1.6909886399999998,unified_EVP_in_process
Tokyo,p256_slhdsasha2128s,3ICA,4,33408,7930.94,647.4048328,1.6909886399999998,unified_EVP_in_process
Tokyo,p256_slhdsasha2128s,4ICA,5,41746,7930.94,647.4048328,1.6909886399999998,unified_EVP_in_process
Tokyo,p256_slhdsashake128f,1ICA,2,35200,17163.04,49.17877198,3.84715992,unified_EVP_in_process
Tokyo,p256_slhdsashake128f,2ICA,3,52775,17163.04,49.17877198,3.84715992,unified_EVP_in_process
Tokyo,p256_slhdsashake128f,3ICA,4,70346,17163.04,49.17877198,3.84715992,unified_EVP_in_process
Tokyo,p256_slhdsashake128f,4ICA,5,87916,17163.04,49.17877198,3.84715992,unified_EVP_in_process
Tokyo,p256_slhdsashake128s,1ICA,2,16736,7930.8,1005.76495102,1.97889422,unified_EVP_in_process
Tokyo,p256_slhdsashake128s,2ICA,3,25076,7930.8,1005.76495102,1.97889422,unified_EVP_in_process
Tokyo,p256_slhdsashake128s,3ICA,4,33416,7930.8,1005.76495102,1.97889422,unified_EVP_in_process
Tokyo,p256_slhdsashake128s,4ICA,5,41756,7930.8,1005.76495102,1.97889422,unified_EVP_in_process
Tokyo,p256_snova2454,1ICA,2,3454,322.92,1.31802292,0.927708,unified_EVP_in_process
Tokyo,p256_snova2454,2ICA,3,5177,322.92,1.31802292,0.927708,unified_EVP_in_process
Tokyo,p256_snova2454,3ICA,4,6889,322.92,1.31802292,0.927708,unified_EVP_in_process
Tokyo,p256_snova2454,4ICA,5,8591,322.92,1.31802292,0.927708,unified_EVP_in_process
Tokyo,p256_snova37172,1ICA,2,20859,198.96,1.26366836,0.9083140000000001,unified_EVP_in_process
Tokyo,p256_snova37172,2ICA,3,31282,198.96,1.26366836,0.9083140000000001,unified_EVP_in_process
Tokyo,p256_snova37172,3ICA,4,41702,198.96,1.26366836,0.9083140000000001,unified_EVP_in_process
Tokyo,p256_snova37172,4ICA,5,52106,198.96,1.26366836,0.9083140000000001,unified_EVP_in_process
Tokyo,p384_OV_III_pkc,1ICA,2,379928,306.98,2.0463482600000003,2.13562614,unified_EVP_in_process
Tokyo,p384_OV_III_pkc,2ICA,3,569889,306.98,2.0463482600000003,2.13562614,unified_EVP_in_process
Tokyo,p384_OV_III_pkc,3ICA,4,759837,306.98,2.0463482600000003,2.13562614,unified_EVP_in_process
Tokyo,p384_OV_III_pkc,4ICA,5,949784,306.98,2.0463482600000003,2.13562614,unified_EVP_in_process
Tokyo,p384_faest192f,1ICA,2,31041,15054.94,93.64197136000001,67.80376652,unified_EVP_in_process
Tokyo,p384_faest192f,2ICA,3,46557,15054.94,93.64197136000001,67.80376652,unified_EVP_in_process
Tokyo,p384_faest192f,3ICA,4,62063,15054.94,93.64197136000001,67.80376652,unified_EVP_in_process
Tokyo,p384_faest192f,4ICA,5,77567,15054.94,93.64197136000001,67.80376652,unified_EVP_in_process
Tokyo,p384_faest192s,1ICA,2,23667,11367.16,220.0438208,182.91594146,unified_EVP_in_process
Tokyo,p384_faest192s,2ICA,3,35494,11367.16,220.0438208,182.91594146,unified_EVP_in_process
Tokyo,p384_faest192s,3ICA,4,47312,11367.16,220.0438208,182.91594146,unified_EVP_in_process
Tokyo,p384_faest192s,4ICA,5,59125,11367.16,220.0438208,182.91594146,unified_EVP_in_process
Tokyo,p384_mayo3,1ICA,2,8370,788.04,2.2724699200000003,2.00539656,unified_EVP_in_process
Tokyo,p384_mayo3,2ICA,3,12551,788.04,2.2724699200000003,2.00539656,unified_EVP_in_process
Tokyo,p384_mayo3,3ICA,4,16724,788.04,2.2724699200000003,2.00539656,unified_EVP_in_process
Tokyo,p384_mayo3,4ICA,5,20891,788.04,2.2724699200000003,2.00539656,unified_EVP_in_process
Tokyo,p384_mldsa65,1ICA,2,11563,3416.1,2.05514732,1.73349262,unified_EVP_in_process
Tokyo,p384_mldsa65,2ICA,3,17336,3416.1,2.05514732,1.73349262,unified_EVP_in_process
Tokyo,p384_mldsa65,3ICA,4,23106,3416.1,2.05514732,1.73349262,unified_EVP_in_process
Tokyo,p384_mldsa65,4ICA,5,28865,3416.1,2.05514732,1.73349262,unified_EVP_in_process
Tokyo,p384_mqom2cat3gf16fastr5,1ICA,2,16746,7845.04,7.27746474,6.86079584,unified_EVP_in_process
Tokyo,p384_mqom2cat3gf16fastr5,2ICA,3,25115,7845.04,7.27746474,6.86079584,unified_EVP_in_process
Tokyo,p384_mqom2cat3gf16fastr5,3ICA,4,33473,7845.04,7.27746474,6.86079584,unified_EVP_in_process
Tokyo,p384_mqom2cat3gf16fastr5,4ICA,5,41825,7845.04,7.27746474,6.86079584,unified_EVP_in_process
Tokyo,p384_qruov3q7l10v1100m140,1ICA,2,112375,595.9,63.10548558000001,55.393655360000004,unified_EVP_in_process
Tokyo,p384_qruov3q7l10v1100m140,2ICA,3,168554,595.9,63.10548558000001,55.393655360000004,unified_EVP_in_process
Tokyo,p384_qruov3q7l10v1100m140,3ICA,4,224729,595.9,63.10548558000001,55.393655360000004,unified_EVP_in_process
Tokyo,p384_qruov3q7l10v1100m140,4ICA,5,280896,595.9,63.10548558000001,55.393655360000004,unified_EVP_in_process
Tokyo,p384_sdithhypercubecat3gf256,1ICA,2,40558,19650.86,40.03705978,37.379671880000004,unified_EVP_in_process
Tokyo,p384_sdithhypercubecat3gf256,2ICA,3,60830,19650.86,40.03705978,37.379671880000004,unified_EVP_in_process
Tokyo,p384_sdithhypercubecat3gf256,3ICA,4,81096,19650.86,40.03705978,37.379671880000004,unified_EVP_in_process
Tokyo,p384_sdithhypercubecat3gf256,4ICA,5,101356,19650.86,40.03705978,37.379671880000004,unified_EVP_in_process
Tokyo,p384_sdiththresholdcat3gf256,1ICA,2,52335,25379.66,16.5681115,4.65123088,unified_EVP_in_process
Tokyo,p384_sdiththresholdcat3gf256,2ICA,3,78064,25379.66,16.5681115,4.65123088,unified_EVP_in_process
Tokyo,p384_sdiththresholdcat3gf256,3ICA,4,104168,25379.66,16.5681115,4.65123088,unified_EVP_in_process
Tokyo,p384_sdiththresholdcat3gf256,4ICA,5,128875,25379.66,16.5681115,4.65123088,unified_EVP_in_process
Tokyo,p384_slhdsasha2192f,1ICA,2,72493,35770.74,53.742072019999995,4.48817366,unified_EVP_in_process
Tokyo,p384_slhdsasha2192f,2ICA,3,108735,35770.74,53.742072019999995,4.48817366,unified_EVP_in_process
Tokyo,p384_slhdsasha2192f,3ICA,4,144968,35770.74,53.742072019999995,4.48817366,unified_EVP_in_process
Tokyo,p384_slhdsasha2192f,4ICA,5,181194,35770.74,53.742072019999995,4.48817366,unified_EVP_in_process
Tokyo,p384_slhdsasha2192s,1ICA,2,33615,16331.16,1174.47634894,2.8861681599999995,unified_EVP_in_process
Tokyo,p384_slhdsasha2192s,2ICA,3,50414,16331.16,1174.47634894,2.8861681599999995,unified_EVP_in_process
Tokyo,p384_slhdsasha2192s,3ICA,4,67208,16331.16,1174.47634894,2.8861681599999995,unified_EVP_in_process
Tokyo,p384_slhdsasha2192s,4ICA,5,83995,16331.16,1174.47634894,2.8861681599999995,unified_EVP_in_process
Tokyo,p384_slhdsashake192f,1ICA,2,72515,35770.84,81.1946872,6.01804658,unified_EVP_in_process
Tokyo,p384_slhdsashake192f,2ICA,3,108748,35770.84,81.1946872,6.01804658,unified_EVP_in_process
Tokyo,p384_slhdsashake192f,3ICA,4,144977,35770.84,81.1946872,6.01804658,unified_EVP_in_process
Tokyo,p384_slhdsashake192f,4ICA,5,181207,35770.84,81.1946872,6.01804658,unified_EVP_in_process
Tokyo,p384_slhdsashake192s,1ICA,2,33636,16330.88,1792.42844878,3.27292724,unified_EVP_in_process
Tokyo,p384_slhdsashake192s,2ICA,3,50426,16330.88,1792.42844878,3.27292724,unified_EVP_in_process
Tokyo,p384_slhdsashake192s,3ICA,4,67218,16330.88,1792.42844878,3.27292724,unified_EVP_in_process
Tokyo,p384_slhdsashake192s,4ICA,5,84004,16330.88,1792.42844878,3.27292724,unified_EVP_in_process
Tokyo,p384_snova2455,1ICA,2,4970,485.84,3.22181944,2.1338207,unified_EVP_in_process
Tokyo,p384_snova2455,2ICA,3,7449,485.84,3.22181944,2.1338207,unified_EVP_in_process
Tokyo,p384_snova2455,3ICA,4,9920,485.84,3.22181944,2.1338207,unified_EVP_in_process
Tokyo,p384_snova2455,4ICA,5,12386,485.84,3.22181944,2.1338207,unified_EVP_in_process
Tokyo,p521_OV_V_pkc,1ICA,2,895706,402.54,3.6471817800000004,3.7466049,unified_EVP_in_process
Tokyo,p521_OV_V_pkc,2ICA,3,1343551,402.54,3.6471817800000004,3.7466049,unified_EVP_in_process
Tokyo,p521_OV_V_pkc,3ICA,4,1791389,402.54,3.6471817800000004,3.7466049,unified_EVP_in_process
Tokyo,p521_OV_V_pkc,4ICA,5,2239222,402.54,3.6471817800000004,3.7466049,unified_EVP_in_process
Tokyo,p521_faest256f,1ICA,2,54385,26690.4,122.63508318,93.55256658,unified_EVP_in_process
Tokyo,p521_faest256f,2ICA,3,81573,26690.4,122.63508318,93.55256658,unified_EVP_in_process
Tokyo,p521_faest256f,3ICA,4,108748,26690.4,122.63508318,93.55256658,unified_EVP_in_process
Tokyo,p521_faest256f,4ICA,5,135922,26690.4,122.63508318,93.55256658,unified_EVP_in_process
Tokyo,p521_faest256s,1ICA,2,42681,20838.56,368.09407980000003,333.03682119999996,unified_EVP_in_process
Tokyo,p521_faest256s,2ICA,3,64017,20838.56,368.09407980000003,333.03682119999996,unified_EVP_in_process
Tokyo,p521_faest256s,3ICA,4,85341,20838.56,368.09407980000003,333.03682119999996,unified_EVP_in_process
Tokyo,p521_faest256s,4ICA,5,106660,20838.56,368.09407980000003,333.03682119999996,unified_EVP_in_process
Tokyo,p521_falcon1024,1ICA,2,7317,1412.88,3.89056368,2.9887304799999996,unified_EVP_in_process
Tokyo,p521_falcon1024,2ICA,3,10974,1412.88,3.89056368,2.9887304799999996,unified_EVP_in_process
Tokyo,p521_falcon1024,3ICA,4,14628,1412.88,3.89056368,2.9887304799999996,unified_EVP_in_process
Tokyo,p521_falcon1024,4ICA,5,18260,1412.88,3.89056368,2.9887304799999996,unified_EVP_in_process
Tokyo,p521_hawk1024,1ICA,2,8515,1363.68,3.4503594399999997,2.80474692,unified_EVP_in_process
Tokyo,p521_hawk1024,2ICA,3,12766,1363.68,3.4503594399999997,2.80474692,unified_EVP_in_process
Tokyo,p521_hawk1024,3ICA,4,17010,1363.68,3.4503594399999997,2.80474692,unified_EVP_in_process
Tokyo,p521_hawk1024,4ICA,5,21248,1363.68,3.4503594399999997,2.80474692,unified_EVP_in_process
Tokyo,p521_mayo5,1ICA,2,14216,1106.38,4.28620558,3.29086014,unified_EVP_in_process
Tokyo,p521_mayo5,2ICA,3,21316,1106.38,4.28620558,3.29086014,unified_EVP_in_process
Tokyo,p521_mayo5,3ICA,4,28413,1106.38,4.28620558,3.29086014,unified_EVP_in_process
Tokyo,p521_mayo5,4ICA,5,35501,1106.38,4.28620558,3.29086014,unified_EVP_in_process
Tokyo,p521_mldsa87,1ICA,2,15622,4769.66,3.55372678,2.9320269999999997,unified_EVP_in_process
Tokyo,p521_mldsa87,2ICA,3,23426,4769.66,3.55372678,2.9320269999999997,unified_EVP_in_process
Tokyo,p521_mldsa87,3ICA,4,31224,4769.66,3.55372678,2.9320269999999997,unified_EVP_in_process
Tokyo,p521_mldsa87,4ICA,5,39012,4769.66,3.55372678,2.9320269999999997,unified_EVP_in_process
Tokyo,p521_mqom2cat5gf16fastr5,1ICA,2,29025,13914.4,15.539327559999998,14.00052586,unified_EVP_in_process
Tokyo,p521_mqom2cat5gf16fastr5,2ICA,3,43533,13914.4,15.539327559999998,14.00052586,unified_EVP_in_process
Tokyo,p521_mqom2cat5gf16fastr5,3ICA,4,58029,13914.4,15.539327559999998,14.00052586,unified_EVP_in_process
Tokyo,p521_mqom2cat5gf16fastr5,4ICA,5,72520,13914.4,15.539327559999998,14.00052586,unified_EVP_in_process
Tokyo,p521_qruov5q7l10v1490m190,1ICA,2,273387,804.38,158.56815032,132.17354898,unified_EVP_in_process
Tokyo,p521_qruov5q7l10v1490m190,2ICA,3,410074,804.38,158.56815032,132.17354898,unified_EVP_in_process
Tokyo,p521_qruov5q7l10v1490m190,3ICA,4,546753,804.38,158.56815032,132.17354898,unified_EVP_in_process
Tokyo,p521_qruov5q7l10v1490m190,4ICA,5,683429,804.38,158.56815032,132.17354898,unified_EVP_in_process
Tokyo,p521_sdithhypercubecat5gf256,1ICA,2,69589,34066.44,73.72651802,68.38690056,unified_EVP_in_process
Tokyo,p521_sdithhypercubecat5gf256,2ICA,3,104377,34066.44,73.72651802,68.38690056,unified_EVP_in_process
Tokyo,p521_sdithhypercubecat5gf256,3ICA,4,139157,34066.44,73.72651802,68.38690056,unified_EVP_in_process
Tokyo,p521_sdithhypercubecat5gf256,4ICA,5,173932,34066.44,73.72651802,68.38690056,unified_EVP_in_process
Tokyo,p521_sdiththresholdcat5gf256,1ICA,2,91101,44607.4,35.1853986,8.04229804,unified_EVP_in_process
Tokyo,p521_sdiththresholdcat5gf256,2ICA,3,135333,44607.4,35.1853986,8.04229804,unified_EVP_in_process
Tokyo,p521_sdiththresholdcat5gf256,3ICA,4,180647,44607.4,35.1853986,8.04229804,unified_EVP_in_process
Tokyo,p521_sdiththresholdcat5gf256,4ICA,5,225760,44607.4,35.1853986,8.04229804,unified_EVP_in_process
Tokyo,p521_slhdsasha2256f,1ICA,2,101053,49998.46,109.17768956,5.81872046,unified_EVP_in_process
Tokyo,p521_slhdsasha2256f,2ICA,3,151574,49998.46,109.17768956,5.81872046,unified_EVP_in_process
Tokyo,p521_slhdsasha2256f,3ICA,4,202087,49998.46,109.17768956,5.81872046,unified_EVP_in_process
Tokyo,p521_slhdsasha2256f,4ICA,5,252589,49998.46,109.17768956,5.81872046,unified_EVP_in_process
Tokyo,p521_slhdsasha2256s,1ICA,2,60925,29934.52,1047.31997568,4.43844116,unified_EVP_in_process
Tokyo,p521_slhdsasha2256s,2ICA,3,91381,29934.52,1047.31997568,4.43844116,unified_EVP_in_process
Tokyo,p521_slhdsasha2256s,3ICA,4,121832,29934.52,1047.31997568,4.43844116,unified_EVP_in_process
Tokyo,p521_slhdsasha2256s,4ICA,5,152275,29934.52,1047.31997568,4.43844116,unified_EVP_in_process
Tokyo,p521_slhdsashake256f,1ICA,2,101076,49998.52,167.7769656,7.222276419999999,unified_EVP_in_process
Tokyo,p521_slhdsashake256f,2ICA,3,151587,49998.52,167.7769656,7.222276419999999,unified_EVP_in_process
Tokyo,p521_slhdsashake256f,3ICA,4,202094,49998.52,167.7769656,7.222276419999999,unified_EVP_in_process
Tokyo,p521_slhdsashake256f,4ICA,5,252603,49998.52,167.7769656,7.222276419999999,unified_EVP_in_process
Tokyo,p521_slhdsashake256s,1ICA,2,60947,29934.46,1616.61844938,5.11808478,unified_EVP_in_process
Tokyo,p521_slhdsashake256s,2ICA,3,91394,29934.46,1616.61844938,5.11808478,unified_EVP_in_process
Tokyo,p521_slhdsashake256s,3ICA,4,121840,29934.46,1616.61844938,5.11808478,unified_EVP_in_process
Tokyo,p521_slhdsashake256s,4ICA,5,152282,29934.46,1616.61844938,5.11808478,unified_EVP_in_process
Tokyo,p521_snova2965,1ICA,2,7537,596.52,5.3831877,3.41523012,unified_EVP_in_process
Tokyo,p521_snova2965,2ICA,3,11301,596.52,5.3831877,3.41523012,unified_EVP_in_process
Tokyo,p521_snova2965,3ICA,4,15054,596.52,5.3831877,3.41523012,unified_EVP_in_process
Tokyo,p521_snova2965,4ICA,5,18802,596.52,5.3831877,3.41523012,unified_EVP_in_process
Tokyo,rsa15360_OV_V_pkc,1ICA,2,902886,2184.0,381.7859762,3.42420118,unified_EVP_in_process
Tokyo,rsa15360_OV_V_pkc,2ICA,3,1354323,2184.0,381.7859762,3.42420118,unified_EVP_in_process
Tokyo,rsa15360_OV_V_pkc,3ICA,4,1805752,2184.0,381.7859762,3.42420118,unified_EVP_in_process
Tokyo,rsa15360_OV_V_pkc,4ICA,5,2257175,2184.0,381.7859762,3.42420118,unified_EVP_in_process
Tokyo,rsa15360_faest256f,1ICA,2,61570,28472.0,494.34215526,93.10324378,unified_EVP_in_process
Tokyo,rsa15360_faest256f,2ICA,3,92349,28472.0,494.34215526,93.10324378,unified_EVP_in_process
Tokyo,rsa15360_faest256f,3ICA,4,123120,28472.0,494.34215526,93.10324378,unified_EVP_in_process
Tokyo,rsa15360_faest256f,4ICA,5,153885,28472.0,494.34215526,93.10324378,unified_EVP_in_process
Tokyo,rsa15360_faest256s,1ICA,2,49866,22620.0,748.60700174,332.15782172,unified_EVP_in_process
Tokyo,rsa15360_faest256s,2ICA,3,74793,22620.0,748.60700174,332.15782172,unified_EVP_in_process
Tokyo,rsa15360_faest256s,3ICA,4,99712,22620.0,748.60700174,332.15782172,unified_EVP_in_process
Tokyo,rsa15360_faest256s,4ICA,5,124625,22620.0,748.60700174,332.15782172,unified_EVP_in_process
Tokyo,rsa15360_falcon1024,1ICA,2,14518,3195.02,383.96424888,2.51942338,unified_EVP_in_process
Tokyo,rsa15360_falcon1024,2ICA,3,21771,3195.02,383.96424888,2.51942338,unified_EVP_in_process
Tokyo,rsa15360_falcon1024,3ICA,4,28994,3195.02,383.96424888,2.51942338,unified_EVP_in_process
Tokyo,rsa15360_falcon1024,4ICA,5,36237,3195.02,383.96424888,2.51942338,unified_EVP_in_process
Tokyo,rsa15360_hawk1024,1ICA,2,15696,3145.0,383.32130728,2.52503728,unified_EVP_in_process
Tokyo,rsa15360_hawk1024,2ICA,3,23538,3145.0,383.32130728,2.52503728,unified_EVP_in_process
Tokyo,rsa15360_hawk1024,3ICA,4,31372,3145.0,383.32130728,2.52503728,unified_EVP_in_process
Tokyo,rsa15360_hawk1024,4ICA,5,39200,3145.0,383.32130728,2.52503728,unified_EVP_in_process
Tokyo,rsa15360_mayo5,1ICA,2,21398,2888.0,384.01819744,2.9341852399999997,unified_EVP_in_process
Tokyo,rsa15360_mayo5,2ICA,3,32091,2888.0,384.01819744,2.9341852399999997,unified_EVP_in_process
Tokyo,rsa15360_mayo5,3ICA,4,42776,2888.0,384.01819744,2.9341852399999997,unified_EVP_in_process
Tokyo,rsa15360_mayo5,4ICA,5,53455,2888.0,384.01819744,2.9341852399999997,unified_EVP_in_process
Tokyo,rsa15360_mldsa87,1ICA,2,22808,6551.0,383.86398606,2.55550676,unified_EVP_in_process
Tokyo,rsa15360_mldsa87,2ICA,3,34205,6551.0,383.86398606,2.55550676,unified_EVP_in_process
Tokyo,rsa15360_mldsa87,3ICA,4,45596,6551.0,383.86398606,2.55550676,unified_EVP_in_process
Tokyo,rsa15360_mldsa87,4ICA,5,56980,6551.0,383.86398606,2.55550676,unified_EVP_in_process
Tokyo,rsa15360_mqom2cat5gf16fastr5,1ICA,2,36206,15696.0,395.61356992000003,13.7049767,unified_EVP_in_process
Tokyo,rsa15360_mqom2cat5gf16fastr5,2ICA,3,54303,15696.0,395.61356992000003,13.7049767,unified_EVP_in_process
Tokyo,rsa15360_mqom2cat5gf16fastr5,3ICA,4,72392,15696.0,395.61356992000003,13.7049767,unified_EVP_in_process
Tokyo,rsa15360_mqom2cat5gf16fastr5,4ICA,5,90475,15696.0,395.61356992000003,13.7049767,unified_EVP_in_process
Tokyo,rsa15360_qruov5q7l10v1490m190,1ICA,2,280568,2586.0,534.19742318,131.56208114,unified_EVP_in_process
Tokyo,rsa15360_qruov5q7l10v1490m190,2ICA,3,420846,2586.0,534.19742318,131.56208114,unified_EVP_in_process
Tokyo,rsa15360_qruov5q7l10v1490m190,3ICA,4,561116,2586.0,534.19742318,131.56208114,unified_EVP_in_process
Tokyo,rsa15360_qruov5q7l10v1490m190,4ICA,5,701380,2586.0,534.19742318,131.56208114,unified_EVP_in_process
Tokyo,rsa15360_sdithhypercubecat5gf256,1ICA,2,76770,35848.0,453.64436636,68.24397818,unified_EVP_in_process
Tokyo,rsa15360_sdithhypercubecat5gf256,2ICA,3,115149,35848.0,453.64436636,68.24397818,unified_EVP_in_process
Tokyo,rsa15360_sdithhypercubecat5gf256,3ICA,4,153520,35848.0,453.64436636,68.24397818,unified_EVP_in_process
Tokyo,rsa15360_sdithhypercubecat5gf256,4ICA,5,191885,35848.0,453.64436636,68.24397818,unified_EVP_in_process
Tokyo,rsa15360_sdiththresholdcat5gf256,1ICA,2,97642,46410.72,407.06073724000004,7.563139619999999,unified_EVP_in_process
Tokyo,rsa15360_sdiththresholdcat5gf256,2ICA,3,146809,46410.72,407.06073724000004,7.563139619999999,unified_EVP_in_process
Tokyo,rsa15360_sdiththresholdcat5gf256,3ICA,4,195264,46410.72,407.06073724000004,7.563139619999999,unified_EVP_in_process
Tokyo,rsa15360_sdiththresholdcat5gf256,4ICA,5,244225,46410.72,407.06073724000004,7.563139619999999,unified_EVP_in_process
Tokyo,rsa15360_slhdsasha2256f,1ICA,2,108238,51780.0,489.88514012,5.25175732,unified_EVP_in_process
Tokyo,rsa15360_slhdsasha2256f,2ICA,3,162351,51780.0,489.88514012,5.25175732,unified_EVP_in_process
Tokyo,rsa15360_slhdsasha2256f,3ICA,4,216456,51780.0,489.88514012,5.25175732,unified_EVP_in_process
Tokyo,rsa15360_slhdsasha2256f,4ICA,5,270555,51780.0,489.88514012,5.25175732,unified_EVP_in_process
Tokyo,rsa15360_slhdsasha2256s,1ICA,2,68110,31716.0,1426.8765470399999,3.8429913,unified_EVP_in_process
Tokyo,rsa15360_slhdsasha2256s,2ICA,3,102159,31716.0,1426.8765470399999,3.8429913,unified_EVP_in_process
Tokyo,rsa15360_slhdsasha2256s,3ICA,4,136200,31716.0,1426.8765470399999,3.8429913,unified_EVP_in_process
Tokyo,rsa15360_slhdsasha2256s,4ICA,5,170235,31716.0,1426.8765470399999,3.8429913,unified_EVP_in_process
Tokyo,rsa15360_slhdsashake256f,1ICA,2,108260,51780.0,539.25752268,6.87321506,unified_EVP_in_process
Tokyo,rsa15360_slhdsashake256f,2ICA,3,162363,51780.0,539.25752268,6.87321506,unified_EVP_in_process
Tokyo,rsa15360_slhdsashake256f,3ICA,4,216464,51780.0,539.25752268,6.87321506,unified_EVP_in_process
Tokyo,rsa15360_slhdsashake256f,4ICA,5,270565,51780.0,539.25752268,6.87321506,unified_EVP_in_process
Tokyo,rsa15360_slhdsashake256s,1ICA,2,68132,31716.0,1997.4611317999997,4.7171086,unified_EVP_in_process
Tokyo,rsa15360_slhdsashake256s,2ICA,3,102171,31716.0,1997.4611317999997,4.7171086,unified_EVP_in_process
Tokyo,rsa15360_slhdsashake256s,3ICA,4,136208,31716.0,1997.4611317999997,4.7171086,unified_EVP_in_process
Tokyo,rsa15360_slhdsashake256s,4ICA,5,170245,31716.0,1997.4611317999997,4.7171086,unified_EVP_in_process
Tokyo,rsa15360_snova2965,1ICA,2,14718,2378.0,385.8499908,2.9516253,unified_EVP_in_process
Tokyo,rsa15360_snova2965,2ICA,3,22071,2378.0,385.8499908,2.9516253,unified_EVP_in_process
Tokyo,rsa15360_snova2965,3ICA,4,29416,2378.0,385.8499908,2.9516253,unified_EVP_in_process
Tokyo,rsa15360_snova2965,4ICA,5,36755,2378.0,385.8499908,2.9516253,unified_EVP_in_process
Tokyo,rsa3072_OV_Ip_pkc,1ICA,2,89638,516.0,4.02323502,0.88688536,unified_EVP_in_process
Tokyo,rsa3072_OV_Ip_pkc,2ICA,3,134451,516.0,4.02323502,0.88688536,unified_EVP_in_process
Tokyo,rsa3072_OV_Ip_pkc,3ICA,4,179256,516.0,4.02323502,0.88688536,unified_EVP_in_process
Tokyo,rsa3072_OV_Ip_pkc,4ICA,5,224055,516.0,4.02323502,0.88688536,unified_EVP_in_process
Tokyo,rsa3072_OV_Is_pkc,1ICA,2,135582,484.0,4.09570438,0.9527275000000001,unified_EVP_in_process
Tokyo,rsa3072_OV_Is_pkc,2ICA,3,203367,484.0,4.09570438,0.9527275000000001,unified_EVP_in_process
Tokyo,rsa3072_OV_Is_pkc,3ICA,4,271144,484.0,4.09570438,0.9527275000000001,unified_EVP_in_process
Tokyo,rsa3072_OV_Is_pkc,4ICA,5,338915,484.0,4.09570438,0.9527275000000001,unified_EVP_in_process
Tokyo,rsa3072_faest128f,1ICA,2,14142,6312.0,21.76768756,14.82357624,unified_EVP_in_process
Tokyo,rsa3072_faest128f,2ICA,3,21207,6312.0,21.76768756,14.82357624,unified_EVP_in_process
Tokyo,rsa3072_faest128f,3ICA,4,28264,6312.0,21.76768756,14.82357624,unified_EVP_in_process
Tokyo,rsa3072_faest128f,4ICA,5,35315,6312.0,21.76768756,14.82357624,unified_EVP_in_process
Tokyo,rsa3072_faest128s,1ICA,2,11306,4894.0,59.99939146,49.40532346,unified_EVP_in_process
Tokyo,rsa3072_faest128s,2ICA,3,16953,4894.0,59.99939146,49.40532346,unified_EVP_in_process
Tokyo,rsa3072_faest128s,3ICA,4,22592,4894.0,59.99939146,49.40532346,unified_EVP_in_process
Tokyo,rsa3072_faest128s,4ICA,5,28225,4894.0,59.99939146,49.40532346,unified_EVP_in_process
Tokyo,rsa3072_falcon512,1ICA,2,5327,1043.24,4.33375998,0.9256736,unified_EVP_in_process
Tokyo,rsa3072_falcon512,2ICA,3,7986,1043.24,4.33375998,0.9256736,unified_EVP_in_process
Tokyo,rsa3072_falcon512,3ICA,4,10630,1043.24,4.33375998,0.9256736,unified_EVP_in_process
Tokyo,rsa3072_falcon512,4ICA,5,13276,1043.24,4.33375998,0.9256736,unified_EVP_in_process
Tokyo,rsa3072_hawk512,1ICA,2,5380,943.0,4.0367986,0.8215025,unified_EVP_in_process
Tokyo,rsa3072_hawk512,2ICA,3,8064,943.0,4.0367986,0.8215025,unified_EVP_in_process
Tokyo,rsa3072_hawk512,3ICA,4,10740,943.0,4.0367986,0.8215025,unified_EVP_in_process
Tokyo,rsa3072_hawk512,4ICA,5,13410,943.0,4.0367986,0.8215025,unified_EVP_in_process
Tokyo,rsa3072_mayo1,1ICA,2,5962,842.0,4.36549356,0.9012835200000001,unified_EVP_in_process
Tokyo,rsa3072_mayo1,2ICA,3,8937,842.0,4.36549356,0.9012835200000001,unified_EVP_in_process
Tokyo,rsa3072_mayo1,3ICA,4,11904,842.0,4.36549356,0.9012835200000001,unified_EVP_in_process
Tokyo,rsa3072_mayo1,4ICA,5,14865,842.0,4.36549356,0.9012835200000001,unified_EVP_in_process
Tokyo,rsa3072_mayo2,1ICA,2,12410,574.0,4.14839266,0.8009593599999999,unified_EVP_in_process
Tokyo,rsa3072_mayo2,2ICA,3,18609,574.0,4.14839266,0.8009593599999999,unified_EVP_in_process
Tokyo,rsa3072_mayo2,3ICA,4,24800,574.0,4.14839266,0.8009593599999999,unified_EVP_in_process
Tokyo,rsa3072_mayo2,4ICA,5,30985,574.0,4.14839266,0.8009593599999999,unified_EVP_in_process
Tokyo,rsa3072_mldsa44,1ICA,2,9680,2808.0,4.1725179400000005,0.90453046,unified_EVP_in_process
Tokyo,rsa3072_mldsa44,2ICA,3,14514,2808.0,4.1725179400000005,0.90453046,unified_EVP_in_process
Tokyo,rsa3072_mldsa44,3ICA,4,19340,2808.0,4.1725179400000005,0.90453046,unified_EVP_in_process
Tokyo,rsa3072_mldsa44,4ICA,5,24160,2808.0,4.1725179400000005,0.90453046,unified_EVP_in_process
Tokyo,rsa3072_mqom2cat1gf16fastr5,1ICA,2,8950,3668.0,5.54430832,2.08246284,unified_EVP_in_process
Tokyo,rsa3072_mqom2cat1gf16fastr5,2ICA,3,13419,3668.0,5.54430832,2.08246284,unified_EVP_in_process
Tokyo,rsa3072_mqom2cat1gf16fastr5,3ICA,4,17880,3668.0,5.54430832,2.08246284,unified_EVP_in_process
Tokyo,rsa3072_mqom2cat1gf16fastr5,4ICA,5,22335,3668.0,5.54430832,2.08246284,unified_EVP_in_process
Tokyo,rsa3072_qruov1q7l10v740m100,1ICA,2,44214,719.0,23.65556396,18.36988412,unified_EVP_in_process
Tokyo,rsa3072_qruov1q7l10v740m100,2ICA,3,66315,719.0,23.65556396,18.36988412,unified_EVP_in_process
Tokyo,rsa3072_qruov1q7l10v740m100,3ICA,4,88408,719.0,23.65556396,18.36988412,unified_EVP_in_process
Tokyo,rsa3072_qruov1q7l10v740m100,4ICA,5,110495,719.0,23.65556396,18.36988412,unified_EVP_in_process
Tokyo,rsa3072_sdithhypercubecat1gf256,1ICA,2,19542,8884.0,18.1181725,14.184322239999998,unified_EVP_in_process
Tokyo,rsa3072_sdithhypercubecat1gf256,2ICA,3,29307,8884.0,18.1181725,14.184322239999998,unified_EVP_in_process
Tokyo,rsa3072_sdithhypercubecat1gf256,3ICA,4,39064,8884.0,18.1181725,14.184322239999998,unified_EVP_in_process
Tokyo,rsa3072_sdithhypercubecat1gf256,4ICA,5,48815,8884.0,18.1181725,14.184322239999998,unified_EVP_in_process
Tokyo,rsa3072_sdiththresholdcat1gf256,1ICA,2,23430,10736.48,9.9400593,1.7790385,unified_EVP_in_process
Tokyo,rsa3072_sdiththresholdcat1gf256,2ICA,3,35091,10736.48,9.9400593,1.7790385,unified_EVP_in_process
Tokyo,rsa3072_sdiththresholdcat1gf256,3ICA,4,46680,10736.48,9.9400593,1.7790385,unified_EVP_in_process
Tokyo,rsa3072_sdiththresholdcat1gf256,4ICA,5,58711,10736.48,9.9400593,1.7790385,unified_EVP_in_process
Tokyo,rsa3072_slhdsasha2128f,1ICA,2,36490,17476.0,35.14300076,2.81801806,unified_EVP_in_process
Tokyo,rsa3072_slhdsasha2128f,2ICA,3,54729,17476.0,35.14300076,2.81801806,unified_EVP_in_process
Tokyo,rsa3072_slhdsasha2128f,3ICA,4,72960,17476.0,35.14300076,2.81801806,unified_EVP_in_process
Tokyo,rsa3072_slhdsasha2128f,4ICA,5,91185,17476.0,35.14300076,2.81801806,unified_EVP_in_process
Tokyo,rsa3072_slhdsasha2128s,1ICA,2,18026,8244.0,651.8047660799999,1.66218834,unified_EVP_in_process
Tokyo,rsa3072_slhdsasha2128s,2ICA,3,27033,8244.0,651.8047660799999,1.66218834,unified_EVP_in_process
Tokyo,rsa3072_slhdsasha2128s,3ICA,4,36032,8244.0,651.8047660799999,1.66218834,unified_EVP_in_process
Tokyo,rsa3072_slhdsasha2128s,4ICA,5,45025,8244.0,651.8047660799999,1.66218834,unified_EVP_in_process
Tokyo,rsa3072_slhdsashake128f,1ICA,2,36512,17476.0,52.37526628,3.79062138,unified_EVP_in_process
Tokyo,rsa3072_slhdsashake128f,2ICA,3,54741,17476.0,52.37526628,3.79062138,unified_EVP_in_process
Tokyo,rsa3072_slhdsashake128f,3ICA,4,72968,17476.0,52.37526628,3.79062138,unified_EVP_in_process
Tokyo,rsa3072_slhdsashake128f,4ICA,5,91195,17476.0,52.37526628,3.79062138,unified_EVP_in_process
Tokyo,rsa3072_slhdsashake128s,1ICA,2,18048,8244.0,1007.46629116,1.8901583199999998,unified_EVP_in_process
Tokyo,rsa3072_slhdsashake128s,2ICA,3,27045,8244.0,1007.46629116,1.8901583199999998,unified_EVP_in_process
Tokyo,rsa3072_slhdsashake128s,3ICA,4,36040,8244.0,1007.46629116,1.8901583199999998,unified_EVP_in_process
Tokyo,rsa3072_slhdsashake128s,4ICA,5,45035,8244.0,1007.46629116,1.8901583199999998,unified_EVP_in_process
Tokyo,rsa3072_snova2454,1ICA,2,4758,636.0,4.63330394,0.9374242599999999,unified_EVP_in_process
Tokyo,rsa3072_snova2454,2ICA,3,7131,636.0,4.63330394,0.9374242599999999,unified_EVP_in_process
Tokyo,rsa3072_snova2454,3ICA,4,9496,636.0,4.63330394,0.9374242599999999,unified_EVP_in_process
Tokyo,rsa3072_snova2454,4ICA,5,11855,636.0,4.63330394,0.9374242599999999,unified_EVP_in_process
Tokyo,rsa3072_snova37172,1ICA,2,22166,512.0,4.57019544,0.86956652,unified_EVP_in_process
Tokyo,rsa3072_snova37172,2ICA,3,33243,512.0,4.57019544,0.86956652,unified_EVP_in_process
Tokyo,rsa3072_snova37172,3ICA,4,44312,512.0,4.57019544,0.86956652,unified_EVP_in_process
Tokyo,rsa3072_snova37172,4ICA,5,55375,512.0,4.57019544,0.86956652,unified_EVP_in_process
Tokyo,rsa7680_OV_III_pkc,1ICA,2,383410,1164.0,71.56604716,1.67354382,unified_EVP_in_process
Tokyo,rsa7680_OV_III_pkc,2ICA,3,575109,1164.0,71.56604716,1.67354382,unified_EVP_in_process
Tokyo,rsa7680_OV_III_pkc,3ICA,4,766800,1164.0,71.56604716,1.67354382,unified_EVP_in_process
Tokyo,rsa7680_OV_III_pkc,4ICA,5,958485,1164.0,71.56604716,1.67354382,unified_EVP_in_process
Tokyo,rsa7680_faest192f,1ICA,2,34526,15912.0,163.1139054,66.9427158,unified_EVP_in_process
Tokyo,rsa7680_faest192f,2ICA,3,51783,15912.0,163.1139054,66.9427158,unified_EVP_in_process
Tokyo,rsa7680_faest192f,3ICA,4,69032,15912.0,163.1139054,66.9427158,unified_EVP_in_process
Tokyo,rsa7680_faest192f,4ICA,5,86275,15912.0,163.1139054,66.9427158,unified_EVP_in_process
Tokyo,rsa7680_faest192s,1ICA,2,27150,12224.0,293.46916304,182.1834723,unified_EVP_in_process
Tokyo,rsa7680_faest192s,2ICA,3,40719,12224.0,293.46916304,182.1834723,unified_EVP_in_process
Tokyo,rsa7680_faest192s,3ICA,4,54280,12224.0,293.46916304,182.1834723,unified_EVP_in_process
Tokyo,rsa7680_faest192s,4ICA,5,67835,12224.0,293.46916304,182.1834723,unified_EVP_in_process
Tokyo,rsa7680_mayo3,1ICA,2,11852,1645.0,73.70216185999999,1.4500411199999999,unified_EVP_in_process
Tokyo,rsa7680_mayo3,2ICA,3,17772,1645.0,73.70216185999999,1.4500411199999999,unified_EVP_in_process
Tokyo,rsa7680_mayo3,3ICA,4,23684,1645.0,73.70216185999999,1.4500411199999999,unified_EVP_in_process
Tokyo,rsa7680_mayo3,4ICA,5,29590,1645.0,73.70216185999999,1.4500411199999999,unified_EVP_in_process
Tokyo,rsa7680_mldsa65,1ICA,2,15048,4273.0,72.04748330000001,1.39545922,unified_EVP_in_process
Tokyo,rsa7680_mldsa65,2ICA,3,22566,4273.0,72.04748330000001,1.39545922,unified_EVP_in_process
Tokyo,rsa7680_mldsa65,3ICA,4,30076,4273.0,72.04748330000001,1.39545922,unified_EVP_in_process
Tokyo,rsa7680_mldsa65,4ICA,5,37580,4273.0,72.04748330000001,1.39545922,unified_EVP_in_process
Tokyo,rsa7680_mqom2cat3gf16fastr5,1ICA,2,20230,8702.0,76.89064669999999,6.392504679999999,unified_EVP_in_process
Tokyo,rsa7680_mqom2cat3gf16fastr5,2ICA,3,30339,8702.0,76.89064669999999,6.392504679999999,unified_EVP_in_process
Tokyo,rsa7680_mqom2cat3gf16fastr5,3ICA,4,40440,8702.0,76.89064669999999,6.392504679999999,unified_EVP_in_process
Tokyo,rsa7680_mqom2cat3gf16fastr5,4ICA,5,50535,8702.0,76.89064669999999,6.392504679999999,unified_EVP_in_process
Tokyo,rsa7680_qruov3q7l10v1100m140,1ICA,2,115854,1453.0,132.72765798,54.744867940000006,unified_EVP_in_process
Tokyo,rsa7680_qruov3q7l10v1100m140,2ICA,3,173775,1453.0,132.72765798,54.744867940000006,unified_EVP_in_process
Tokyo,rsa7680_qruov3q7l10v1100m140,3ICA,4,231688,1453.0,132.72765798,54.744867940000006,unified_EVP_in_process
Tokyo,rsa7680_qruov3q7l10v1100m140,4ICA,5,289595,1453.0,132.72765798,54.744867940000006,unified_EVP_in_process
Tokyo,rsa7680_sdithhypercubecat3gf256,1ICA,2,44038,20508.0,109.77353826000001,37.012517980000005,unified_EVP_in_process
Tokyo,rsa7680_sdithhypercubecat3gf256,2ICA,3,66051,20508.0,109.77353826000001,37.012517980000005,unified_EVP_in_process
Tokyo,rsa7680_sdithhypercubecat3gf256,3ICA,4,88056,20508.0,109.77353826000001,37.012517980000005,unified_EVP_in_process
Tokyo,rsa7680_sdithhypercubecat3gf256,4ICA,5,110055,20508.0,109.77353826000001,37.012517980000005,unified_EVP_in_process
Tokyo,rsa7680_sdiththresholdcat3gf256,1ICA,2,55910,26209.76,86.3781107,4.21132248,unified_EVP_in_process
Tokyo,rsa7680_sdiththresholdcat3gf256,2ICA,3,82947,26209.76,86.3781107,4.21132248,unified_EVP_in_process
Tokyo,rsa7680_sdiththresholdcat3gf256,3ICA,4,111656,26209.76,86.3781107,4.21132248,unified_EVP_in_process
Tokyo,rsa7680_sdiththresholdcat3gf256,4ICA,5,137863,26209.76,86.3781107,4.21132248,unified_EVP_in_process
Tokyo,rsa7680_slhdsasha2192f,1ICA,2,75978,36628.0,125.63753182,4.06232404,unified_EVP_in_process
Tokyo,rsa7680_slhdsasha2192f,2ICA,3,113961,36628.0,125.63753182,4.06232404,unified_EVP_in_process
Tokyo,rsa7680_slhdsasha2192f,3ICA,4,151936,36628.0,125.63753182,4.06232404,unified_EVP_in_process
Tokyo,rsa7680_slhdsasha2192f,4ICA,5,189905,36628.0,125.63753182,4.06232404,unified_EVP_in_process
Tokyo,rsa7680_slhdsasha2192s,1ICA,2,37098,17188.0,1246.85192182,2.18208894,unified_EVP_in_process
Tokyo,rsa7680_slhdsasha2192s,2ICA,3,55641,17188.0,1246.85192182,2.18208894,unified_EVP_in_process
Tokyo,rsa7680_slhdsasha2192s,3ICA,4,74176,17188.0,1246.85192182,2.18208894,unified_EVP_in_process
Tokyo,rsa7680_slhdsasha2192s,4ICA,5,92705,17188.0,1246.85192182,2.18208894,unified_EVP_in_process
Tokyo,rsa7680_slhdsashake192f,1ICA,2,76000,36628.0,150.92034698,5.4079058,unified_EVP_in_process
Tokyo,rsa7680_slhdsashake192f,2ICA,3,113973,36628.0,150.92034698,5.4079058,unified_EVP_in_process
Tokyo,rsa7680_slhdsashake192f,3ICA,4,151944,36628.0,150.92034698,5.4079058,unified_EVP_in_process
Tokyo,rsa7680_slhdsashake192f,4ICA,5,189915,36628.0,150.92034698,5.4079058,unified_EVP_in_process
Tokyo,rsa7680_slhdsashake192s,1ICA,2,37120,17188.0,1867.9482877,2.79668212,unified_EVP_in_process
Tokyo,rsa7680_slhdsashake192s,2ICA,3,55653,17188.0,1867.9482877,2.79668212,unified_EVP_in_process
Tokyo,rsa7680_slhdsashake192s,3ICA,4,74184,17188.0,1867.9482877,2.79668212,unified_EVP_in_process
Tokyo,rsa7680_slhdsashake192s,4ICA,5,92715,17188.0,1867.9482877,2.79668212,unified_EVP_in_process
Tokyo,rsa7680_snova2455,1ICA,2,8450,1343.0,73.20245713999999,1.6855383000000002,unified_EVP_in_process
Tokyo,rsa7680_snova2455,2ICA,3,12668,1343.0,73.20245713999999,1.6855383000000002,unified_EVP_in_process
Tokyo,rsa7680_snova2455,3ICA,4,16880,1343.0,73.20245713999999,1.6855383000000002,unified_EVP_in_process
Tokyo,rsa7680_snova2455,4ICA,5,21085,1343.0,73.20245713999999,1.6855383000000002,unified_EVP_in_process
USA,p256_OV_Ip_pkc,1ICA,2,88331,202.9,0.90108348,0.7857322999999999,unified_EVP_in_process
USA,p256_OV_Ip_pkc,2ICA,3,132491,202.9,0.90108348,0.7857322999999999,unified_EVP_in_process
USA,p256_OV_Ip_pkc,3ICA,4,176643,202.9,0.90108348,0.7857322999999999,unified_EVP_in_process
USA,p256_OV_Ip_pkc,4ICA,5,220791,202.9,0.90108348,0.7857322999999999,unified_EVP_in_process
USA,p256_OV_Is_pkc,1ICA,2,134276,171.02,0.9254946,0.87171858,unified_EVP_in_process
USA,p256_OV_Is_pkc,2ICA,3,201408,171.02,0.9254946,0.87171858,unified_EVP_in_process
USA,p256_OV_Is_pkc,3ICA,4,268530,171.02,0.9254946,0.87171858,unified_EVP_in_process
USA,p256_OV_Is_pkc,4ICA,5,335650,171.02,0.9254946,0.87171858,unified_EVP_in_process
USA,p256_faest128f,1ICA,2,12830,5998.92,18.4113905,14.8219531,unified_EVP_in_process
USA,p256_faest128f,2ICA,3,19239,5998.92,18.4113905,14.8219531,unified_EVP_in_process
USA,p256_faest128f,3ICA,4,25640,5998.92,18.4113905,14.8219531,unified_EVP_in_process
USA,p256_faest128f,4ICA,5,32036,5998.92,18.4113905,14.8219531,unified_EVP_in_process
USA,p256_faest128s,1ICA,2,9993,4581.0,57.55708306,49.375288579999996,unified_EVP_in_process
USA,p256_faest128s,2ICA,3,14984,4581.0,57.55708306,49.375288579999996,unified_EVP_in_process
USA,p256_faest128s,3ICA,4,19967,4581.0,57.55708306,49.375288579999996,unified_EVP_in_process
USA,p256_faest128s,4ICA,5,24946,4581.0,57.55708306,49.375288579999996,unified_EVP_in_process
USA,p256_falcon512,1ICA,2,4020,730.5,1.06072312,0.82178278,unified_EVP_in_process
USA,p256_falcon512,2ICA,3,6035,730.5,1.06072312,0.82178278,unified_EVP_in_process
USA,p256_falcon512,3ICA,4,8026,730.5,1.06072312,0.82178278,unified_EVP_in_process
USA,p256_falcon512,4ICA,5,10023,730.5,1.06072312,0.82178278,unified_EVP_in_process
USA,p256_hawk512,1ICA,2,4077,630.04,0.8849465000000001,0.75048232,unified_EVP_in_process
USA,p256_hawk512,2ICA,3,6109,630.04,0.8849465000000001,0.75048232,unified_EVP_in_process
USA,p256_hawk512,3ICA,4,8131,630.04,0.8849465000000001,0.75048232,unified_EVP_in_process
USA,p256_hawk512,4ICA,5,10151,630.04,0.8849465000000001,0.75048232,unified_EVP_in_process
USA,p256_mayo1,1ICA,2,4658,529.1,1.0786795200000001,0.85828528,unified_EVP_in_process
USA,p256_mayo1,2ICA,3,6981,529.1,1.0786795200000001,0.85828528,unified_EVP_in_process
USA,p256_mayo1,3ICA,4,9295,529.1,1.0786795200000001,0.85828528,unified_EVP_in_process
USA,p256_mayo1,4ICA,5,11605,529.1,1.0786795200000001,0.85828528,unified_EVP_in_process
USA,p256_mayo2,1ICA,2,11105,261.0,0.9758090799999999,0.74838206,unified_EVP_in_process
USA,p256_mayo2,2ICA,3,16653,261.0,0.9758090799999999,0.74838206,unified_EVP_in_process
USA,p256_mayo2,3ICA,4,22191,261.0,0.9758090799999999,0.74838206,unified_EVP_in_process
USA,p256_mayo2,4ICA,5,27724,261.0,0.9758090799999999,0.74838206,unified_EVP_in_process
USA,p256_mldsa44,1ICA,2,8378,2495.06,0.9513522999999999,0.8061123600000001,unified_EVP_in_process
USA,p256_mldsa44,2ICA,3,12558,2495.06,0.9513522999999999,0.8061123600000001,unified_EVP_in_process
USA,p256_mldsa44,3ICA,4,16731,2495.06,0.9513522999999999,0.8061123600000001,unified_EVP_in_process
USA,p256_mldsa44,4ICA,5,20899,2495.06,0.9513522999999999,0.8061123600000001,unified_EVP_in_process
USA,p256_mqom2cat1gf16fastr5,1ICA,2,7642,3354.94,2.22406376,2.0890395,unified_EVP_in_process
USA,p256_mqom2cat1gf16fastr5,2ICA,3,11457,3354.94,2.22406376,2.0890395,unified_EVP_in_process
USA,p256_mqom2cat1gf16fastr5,3ICA,4,15264,3354.94,2.22406376,2.0890395,unified_EVP_in_process
USA,p256_mqom2cat1gf16fastr5,4ICA,5,19065,3354.94,2.22406376,2.0890395,unified_EVP_in_process
USA,p256_qruov1q7l10v740m100,1ICA,2,42911,405.9,20.33658782,18.45057934,unified_EVP_in_process
USA,p256_qruov1q7l10v740m100,2ICA,3,64359,405.9,20.33658782,18.45057934,unified_EVP_in_process
USA,p256_qruov1q7l10v740m100,3ICA,4,85798,405.9,20.33658782,18.45057934,unified_EVP_in_process
USA,p256_qruov1q7l10v740m100,4ICA,5,107237,405.9,20.33658782,18.45057934,unified_EVP_in_process
USA,p256_sdithhypercubecat1gf256,1ICA,2,18234,8571.0,14.67059934,14.1640829,unified_EVP_in_process
USA,p256_sdithhypercubecat1gf256,2ICA,3,27347,8571.0,14.67059934,14.1640829,unified_EVP_in_process
USA,p256_sdithhypercubecat1gf256,3ICA,4,36448,8571.0,14.67059934,14.1640829,unified_EVP_in_process
USA,p256_sdithhypercubecat1gf256,4ICA,5,45547,8571.0,14.67059934,14.1640829,unified_EVP_in_process
USA,p256_sdiththresholdcat1gf256,1ICA,2,21995,10423.96,6.62881542,1.8260273599999999,unified_EVP_in_process
USA,p256_sdiththresholdcat1gf256,2ICA,3,33065,10423.96,6.62881542,1.8260273599999999,unified_EVP_in_process
USA,p256_sdiththresholdcat1gf256,3ICA,4,44352,10423.96,6.62881542,1.8260273599999999,unified_EVP_in_process
USA,p256_sdiththresholdcat1gf256,4ICA,5,54992,10423.96,6.62881542,1.8260273599999999,unified_EVP_in_process
USA,p256_slhdsasha2128f,1ICA,2,35179,17163.06,31.76290082,2.89286264,unified_EVP_in_process
USA,p256_slhdsasha2128f,2ICA,3,52760,17163.06,31.76290082,2.89286264,unified_EVP_in_process
USA,p256_slhdsasha2128f,3ICA,4,70335,17163.06,31.76290082,2.89286264,unified_EVP_in_process
USA,p256_slhdsasha2128f,4ICA,5,87907,17163.06,31.76290082,2.89286264,unified_EVP_in_process
USA,p256_slhdsasha2128s,1ICA,2,16714,7930.94,647.4048328,1.6909886399999998,unified_EVP_in_process
USA,p256_slhdsasha2128s,2ICA,3,25066,7930.94,647.4048328,1.6909886399999998,unified_EVP_in_process
USA,p256_slhdsasha2128s,3ICA,4,33408,7930.94,647.4048328,1.6909886399999998,unified_EVP_in_process
USA,p256_slhdsasha2128s,4ICA,5,41746,7930.94,647.4048328,1.6909886399999998,unified_EVP_in_process
USA,p256_slhdsashake128f,1ICA,2,35200,17163.04,49.17877198,3.84715992,unified_EVP_in_process
USA,p256_slhdsashake128f,2ICA,3,52775,17163.04,49.17877198,3.84715992,unified_EVP_in_process
USA,p256_slhdsashake128f,3ICA,4,70346,17163.04,49.17877198,3.84715992,unified_EVP_in_process
USA,p256_slhdsashake128f,4ICA,5,87916,17163.04,49.17877198,3.84715992,unified_EVP_in_process
USA,p256_slhdsashake128s,1ICA,2,16736,7930.8,1005.76495102,1.97889422,unified_EVP_in_process
USA,p256_slhdsashake128s,2ICA,3,25076,7930.8,1005.76495102,1.97889422,unified_EVP_in_process
USA,p256_slhdsashake128s,3ICA,4,33416,7930.8,1005.76495102,1.97889422,unified_EVP_in_process
USA,p256_slhdsashake128s,4ICA,5,41756,7930.8,1005.76495102,1.97889422,unified_EVP_in_process
USA,p256_snova2454,1ICA,2,3454,322.92,1.31802292,0.927708,unified_EVP_in_process
USA,p256_snova2454,2ICA,3,5177,322.92,1.31802292,0.927708,unified_EVP_in_process
USA,p256_snova2454,3ICA,4,6889,322.92,1.31802292,0.927708,unified_EVP_in_process
USA,p256_snova2454,4ICA,5,8591,322.92,1.31802292,0.927708,unified_EVP_in_process
USA,p256_snova37172,1ICA,2,20859,198.96,1.26366836,0.9083140000000001,unified_EVP_in_process
USA,p256_snova37172,2ICA,3,31282,198.96,1.26366836,0.9083140000000001,unified_EVP_in_process
USA,p256_snova37172,3ICA,4,41702,198.96,1.26366836,0.9083140000000001,unified_EVP_in_process
USA,p256_snova37172,4ICA,5,52106,198.96,1.26366836,0.9083140000000001,unified_EVP_in_process
USA,p384_OV_III_pkc,1ICA,2,379928,306.98,2.0463482600000003,2.13562614,unified_EVP_in_process
USA,p384_OV_III_pkc,2ICA,3,569889,306.98,2.0463482600000003,2.13562614,unified_EVP_in_process
USA,p384_OV_III_pkc,3ICA,4,759837,306.98,2.0463482600000003,2.13562614,unified_EVP_in_process
USA,p384_OV_III_pkc,4ICA,5,949784,306.98,2.0463482600000003,2.13562614,unified_EVP_in_process
USA,p384_faest192f,1ICA,2,31041,15054.94,93.64197136000001,67.80376652,unified_EVP_in_process
USA,p384_faest192f,2ICA,3,46557,15054.94,93.64197136000001,67.80376652,unified_EVP_in_process
USA,p384_faest192f,3ICA,4,62063,15054.94,93.64197136000001,67.80376652,unified_EVP_in_process
USA,p384_faest192f,4ICA,5,77567,15054.94,93.64197136000001,67.80376652,unified_EVP_in_process
USA,p384_faest192s,1ICA,2,23667,11367.16,220.0438208,182.91594146,unified_EVP_in_process
USA,p384_faest192s,2ICA,3,35494,11367.16,220.0438208,182.91594146,unified_EVP_in_process
USA,p384_faest192s,3ICA,4,47312,11367.16,220.0438208,182.91594146,unified_EVP_in_process
USA,p384_faest192s,4ICA,5,59125,11367.16,220.0438208,182.91594146,unified_EVP_in_process
USA,p384_mayo3,1ICA,2,8370,788.04,2.2724699200000003,2.00539656,unified_EVP_in_process
USA,p384_mayo3,2ICA,3,12551,788.04,2.2724699200000003,2.00539656,unified_EVP_in_process
USA,p384_mayo3,3ICA,4,16724,788.04,2.2724699200000003,2.00539656,unified_EVP_in_process
USA,p384_mayo3,4ICA,5,20891,788.04,2.2724699200000003,2.00539656,unified_EVP_in_process
USA,p384_mldsa65,1ICA,2,11563,3416.1,2.05514732,1.73349262,unified_EVP_in_process
USA,p384_mldsa65,2ICA,3,17336,3416.1,2.05514732,1.73349262,unified_EVP_in_process
USA,p384_mldsa65,3ICA,4,23106,3416.1,2.05514732,1.73349262,unified_EVP_in_process
USA,p384_mldsa65,4ICA,5,28865,3416.1,2.05514732,1.73349262,unified_EVP_in_process
USA,p384_mqom2cat3gf16fastr5,1ICA,2,16746,7845.04,7.27746474,6.86079584,unified_EVP_in_process
USA,p384_mqom2cat3gf16fastr5,2ICA,3,25115,7845.04,7.27746474,6.86079584,unified_EVP_in_process
USA,p384_mqom2cat3gf16fastr5,3ICA,4,33473,7845.04,7.27746474,6.86079584,unified_EVP_in_process
USA,p384_mqom2cat3gf16fastr5,4ICA,5,41825,7845.04,7.27746474,6.86079584,unified_EVP_in_process
USA,p384_qruov3q7l10v1100m140,1ICA,2,112375,595.9,63.10548558000001,55.393655360000004,unified_EVP_in_process
USA,p384_qruov3q7l10v1100m140,2ICA,3,168554,595.9,63.10548558000001,55.393655360000004,unified_EVP_in_process
USA,p384_qruov3q7l10v1100m140,3ICA,4,224729,595.9,63.10548558000001,55.393655360000004,unified_EVP_in_process
USA,p384_qruov3q7l10v1100m140,4ICA,5,280896,595.9,63.10548558000001,55.393655360000004,unified_EVP_in_process
USA,p384_sdithhypercubecat3gf256,1ICA,2,40558,19650.86,40.03705978,37.379671880000004,unified_EVP_in_process
USA,p384_sdithhypercubecat3gf256,2ICA,3,60830,19650.86,40.03705978,37.379671880000004,unified_EVP_in_process
USA,p384_sdithhypercubecat3gf256,3ICA,4,81096,19650.86,40.03705978,37.379671880000004,unified_EVP_in_process
USA,p384_sdithhypercubecat3gf256,4ICA,5,101356,19650.86,40.03705978,37.379671880000004,unified_EVP_in_process
USA,p384_sdiththresholdcat3gf256,1ICA,2,52335,25379.66,16.5681115,4.65123088,unified_EVP_in_process
USA,p384_sdiththresholdcat3gf256,2ICA,3,78064,25379.66,16.5681115,4.65123088,unified_EVP_in_process
USA,p384_sdiththresholdcat3gf256,3ICA,4,104168,25379.66,16.5681115,4.65123088,unified_EVP_in_process
USA,p384_sdiththresholdcat3gf256,4ICA,5,128875,25379.66,16.5681115,4.65123088,unified_EVP_in_process
USA,p384_slhdsasha2192f,1ICA,2,72493,35770.74,53.742072019999995,4.48817366,unified_EVP_in_process
USA,p384_slhdsasha2192f,2ICA,3,108735,35770.74,53.742072019999995,4.48817366,unified_EVP_in_process
USA,p384_slhdsasha2192f,3ICA,4,144968,35770.74,53.742072019999995,4.48817366,unified_EVP_in_process
USA,p384_slhdsasha2192f,4ICA,5,181194,35770.74,53.742072019999995,4.48817366,unified_EVP_in_process
USA,p384_slhdsasha2192s,1ICA,2,33615,16331.16,1174.47634894,2.8861681599999995,unified_EVP_in_process
USA,p384_slhdsasha2192s,2ICA,3,50414,16331.16,1174.47634894,2.8861681599999995,unified_EVP_in_process
USA,p384_slhdsasha2192s,3ICA,4,67208,16331.16,1174.47634894,2.8861681599999995,unified_EVP_in_process
USA,p384_slhdsasha2192s,4ICA,5,83995,16331.16,1174.47634894,2.8861681599999995,unified_EVP_in_process
USA,p384_slhdsashake192f,1ICA,2,72515,35770.84,81.1946872,6.01804658,unified_EVP_in_process
USA,p384_slhdsashake192f,2ICA,3,108748,35770.84,81.1946872,6.01804658,unified_EVP_in_process
USA,p384_slhdsashake192f,3ICA,4,144977,35770.84,81.1946872,6.01804658,unified_EVP_in_process
USA,p384_slhdsashake192f,4ICA,5,181207,35770.84,81.1946872,6.01804658,unified_EVP_in_process
USA,p384_slhdsashake192s,1ICA,2,33636,16330.88,1792.42844878,3.27292724,unified_EVP_in_process
USA,p384_slhdsashake192s,2ICA,3,50426,16330.88,1792.42844878,3.27292724,unified_EVP_in_process
USA,p384_slhdsashake192s,3ICA,4,67218,16330.88,1792.42844878,3.27292724,unified_EVP_in_process
USA,p384_slhdsashake192s,4ICA,5,84004,16330.88,1792.42844878,3.27292724,unified_EVP_in_process
USA,p384_snova2455,1ICA,2,4970,485.84,3.22181944,2.1338207,unified_EVP_in_process
USA,p384_snova2455,2ICA,3,7449,485.84,3.22181944,2.1338207,unified_EVP_in_process
USA,p384_snova2455,3ICA,4,9920,485.84,3.22181944,2.1338207,unified_EVP_in_process
USA,p384_snova2455,4ICA,5,12386,485.84,3.22181944,2.1338207,unified_EVP_in_process
USA,p521_OV_V_pkc,1ICA,2,895706,402.54,3.6471817800000004,3.7466049,unified_EVP_in_process
USA,p521_OV_V_pkc,2ICA,3,1343551,402.54,3.6471817800000004,3.7466049,unified_EVP_in_process
USA,p521_OV_V_pkc,3ICA,4,1791389,402.54,3.6471817800000004,3.7466049,unified_EVP_in_process
USA,p521_OV_V_pkc,4ICA,5,2239222,402.54,3.6471817800000004,3.7466049,unified_EVP_in_process
USA,p521_faest256f,1ICA,2,54385,26690.4,122.63508318,93.55256658,unified_EVP_in_process
USA,p521_faest256f,2ICA,3,81573,26690.4,122.63508318,93.55256658,unified_EVP_in_process
USA,p521_faest256f,3ICA,4,108748,26690.4,122.63508318,93.55256658,unified_EVP_in_process
USA,p521_faest256f,4ICA,5,135922,26690.4,122.63508318,93.55256658,unified_EVP_in_process
USA,p521_faest256s,1ICA,2,42681,20838.56,368.09407980000003,333.03682119999996,unified_EVP_in_process
USA,p521_faest256s,2ICA,3,64017,20838.56,368.09407980000003,333.03682119999996,unified_EVP_in_process
USA,p521_faest256s,3ICA,4,85341,20838.56,368.09407980000003,333.03682119999996,unified_EVP_in_process
USA,p521_faest256s,4ICA,5,106660,20838.56,368.09407980000003,333.03682119999996,unified_EVP_in_process
USA,p521_falcon1024,1ICA,2,7317,1412.88,3.89056368,2.9887304799999996,unified_EVP_in_process
USA,p521_falcon1024,2ICA,3,10974,1412.88,3.89056368,2.9887304799999996,unified_EVP_in_process
USA,p521_falcon1024,3ICA,4,14628,1412.88,3.89056368,2.9887304799999996,unified_EVP_in_process
USA,p521_falcon1024,4ICA,5,18260,1412.88,3.89056368,2.9887304799999996,unified_EVP_in_process
USA,p521_hawk1024,1ICA,2,8515,1363.68,3.4503594399999997,2.80474692,unified_EVP_in_process
USA,p521_hawk1024,2ICA,3,12766,1363.68,3.4503594399999997,2.80474692,unified_EVP_in_process
USA,p521_hawk1024,3ICA,4,17010,1363.68,3.4503594399999997,2.80474692,unified_EVP_in_process
USA,p521_hawk1024,4ICA,5,21248,1363.68,3.4503594399999997,2.80474692,unified_EVP_in_process
USA,p521_mayo5,1ICA,2,14216,1106.38,4.28620558,3.29086014,unified_EVP_in_process
USA,p521_mayo5,2ICA,3,21316,1106.38,4.28620558,3.29086014,unified_EVP_in_process
USA,p521_mayo5,3ICA,4,28413,1106.38,4.28620558,3.29086014,unified_EVP_in_process
USA,p521_mayo5,4ICA,5,35501,1106.38,4.28620558,3.29086014,unified_EVP_in_process
USA,p521_mldsa87,1ICA,2,15622,4769.66,3.55372678,2.9320269999999997,unified_EVP_in_process
USA,p521_mldsa87,2ICA,3,23426,4769.66,3.55372678,2.9320269999999997,unified_EVP_in_process
USA,p521_mldsa87,3ICA,4,31224,4769.66,3.55372678,2.9320269999999997,unified_EVP_in_process
USA,p521_mldsa87,4ICA,5,39012,4769.66,3.55372678,2.9320269999999997,unified_EVP_in_process
USA,p521_mqom2cat5gf16fastr5,1ICA,2,29025,13914.4,15.539327559999998,14.00052586,unified_EVP_in_process
USA,p521_mqom2cat5gf16fastr5,2ICA,3,43533,13914.4,15.539327559999998,14.00052586,unified_EVP_in_process
USA,p521_mqom2cat5gf16fastr5,3ICA,4,58029,13914.4,15.539327559999998,14.00052586,unified_EVP_in_process
USA,p521_mqom2cat5gf16fastr5,4ICA,5,72520,13914.4,15.539327559999998,14.00052586,unified_EVP_in_process
USA,p521_qruov5q7l10v1490m190,1ICA,2,273387,804.38,158.56815032,132.17354898,unified_EVP_in_process
USA,p521_qruov5q7l10v1490m190,2ICA,3,410074,804.38,158.56815032,132.17354898,unified_EVP_in_process
USA,p521_qruov5q7l10v1490m190,3ICA,4,546753,804.38,158.56815032,132.17354898,unified_EVP_in_process
USA,p521_qruov5q7l10v1490m190,4ICA,5,683429,804.38,158.56815032,132.17354898,unified_EVP_in_process
USA,p521_sdithhypercubecat5gf256,1ICA,2,69589,34066.44,73.72651802,68.38690056,unified_EVP_in_process
USA,p521_sdithhypercubecat5gf256,2ICA,3,104377,34066.44,73.72651802,68.38690056,unified_EVP_in_process
USA,p521_sdithhypercubecat5gf256,3ICA,4,139157,34066.44,73.72651802,68.38690056,unified_EVP_in_process
USA,p521_sdithhypercubecat5gf256,4ICA,5,173932,34066.44,73.72651802,68.38690056,unified_EVP_in_process
USA,p521_sdiththresholdcat5gf256,1ICA,2,91101,44607.4,35.1853986,8.04229804,unified_EVP_in_process
USA,p521_sdiththresholdcat5gf256,2ICA,3,135333,44607.4,35.1853986,8.04229804,unified_EVP_in_process
USA,p521_sdiththresholdcat5gf256,3ICA,4,180647,44607.4,35.1853986,8.04229804,unified_EVP_in_process
USA,p521_sdiththresholdcat5gf256,4ICA,5,225760,44607.4,35.1853986,8.04229804,unified_EVP_in_process
USA,p521_slhdsasha2256f,1ICA,2,101053,49998.46,109.17768956,5.81872046,unified_EVP_in_process
USA,p521_slhdsasha2256f,2ICA,3,151574,49998.46,109.17768956,5.81872046,unified_EVP_in_process
USA,p521_slhdsasha2256f,3ICA,4,202087,49998.46,109.17768956,5.81872046,unified_EVP_in_process
USA,p521_slhdsasha2256f,4ICA,5,252589,49998.46,109.17768956,5.81872046,unified_EVP_in_process
USA,p521_slhdsasha2256s,1ICA,2,60925,29934.52,1047.31997568,4.43844116,unified_EVP_in_process
USA,p521_slhdsasha2256s,2ICA,3,91381,29934.52,1047.31997568,4.43844116,unified_EVP_in_process
USA,p521_slhdsasha2256s,3ICA,4,121832,29934.52,1047.31997568,4.43844116,unified_EVP_in_process
USA,p521_slhdsasha2256s,4ICA,5,152275,29934.52,1047.31997568,4.43844116,unified_EVP_in_process
USA,p521_slhdsashake256f,1ICA,2,101076,49998.52,167.7769656,7.222276419999999,unified_EVP_in_process
USA,p521_slhdsashake256f,2ICA,3,151587,49998.52,167.7769656,7.222276419999999,unified_EVP_in_process
USA,p521_slhdsashake256f,3ICA,4,202094,49998.52,167.7769656,7.222276419999999,unified_EVP_in_process
USA,p521_slhdsashake256f,4ICA,5,252603,49998.52,167.7769656,7.222276419999999,unified_EVP_in_process
USA,p521_slhdsashake256s,1ICA,2,60947,29934.46,1616.61844938,5.11808478,unified_EVP_in_process
USA,p521_slhdsashake256s,2ICA,3,91394,29934.46,1616.61844938,5.11808478,unified_EVP_in_process
USA,p521_slhdsashake256s,3ICA,4,121840,29934.46,1616.61844938,5.11808478,unified_EVP_in_process
USA,p521_slhdsashake256s,4ICA,5,152282,29934.46,1616.61844938,5.11808478,unified_EVP_in_process
USA,p521_snova2965,1ICA,2,7537,596.52,5.3831877,3.41523012,unified_EVP_in_process
USA,p521_snova2965,2ICA,3,11301,596.52,5.3831877,3.41523012,unified_EVP_in_process
USA,p521_snova2965,3ICA,4,15054,596.52,5.3831877,3.41523012,unified_EVP_in_process
USA,p521_snova2965,4ICA,5,18802,596.52,5.3831877,3.41523012,unified_EVP_in_process
USA,rsa15360_OV_V_pkc,1ICA,2,902886,2184.0,381.7859762,3.42420118,unified_EVP_in_process
USA,rsa15360_OV_V_pkc,2ICA,3,1354323,2184.0,381.7859762,3.42420118,unified_EVP_in_process
USA,rsa15360_OV_V_pkc,3ICA,4,1805752,2184.0,381.7859762,3.42420118,unified_EVP_in_process
USA,rsa15360_OV_V_pkc,4ICA,5,2257175,2184.0,381.7859762,3.42420118,unified_EVP_in_process
USA,rsa15360_faest256f,1ICA,2,61570,28472.0,494.34215526,93.10324378,unified_EVP_in_process
USA,rsa15360_faest256f,2ICA,3,92349,28472.0,494.34215526,93.10324378,unified_EVP_in_process
USA,rsa15360_faest256f,3ICA,4,123120,28472.0,494.34215526,93.10324378,unified_EVP_in_process
USA,rsa15360_faest256f,4ICA,5,153885,28472.0,494.34215526,93.10324378,unified_EVP_in_process
USA,rsa15360_faest256s,1ICA,2,49866,22620.0,748.60700174,332.15782172,unified_EVP_in_process
USA,rsa15360_faest256s,2ICA,3,74793,22620.0,748.60700174,332.15782172,unified_EVP_in_process
USA,rsa15360_faest256s,3ICA,4,99712,22620.0,748.60700174,332.15782172,unified_EVP_in_process
USA,rsa15360_faest256s,4ICA,5,124625,22620.0,748.60700174,332.15782172,unified_EVP_in_process
USA,rsa15360_falcon1024,1ICA,2,14518,3195.02,383.96424888,2.51942338,unified_EVP_in_process
USA,rsa15360_falcon1024,2ICA,3,21771,3195.02,383.96424888,2.51942338,unified_EVP_in_process
USA,rsa15360_falcon1024,3ICA,4,28994,3195.02,383.96424888,2.51942338,unified_EVP_in_process
USA,rsa15360_falcon1024,4ICA,5,36237,3195.02,383.96424888,2.51942338,unified_EVP_in_process
USA,rsa15360_hawk1024,1ICA,2,15696,3145.0,383.32130728,2.52503728,unified_EVP_in_process
USA,rsa15360_hawk1024,2ICA,3,23538,3145.0,383.32130728,2.52503728,unified_EVP_in_process
USA,rsa15360_hawk1024,3ICA,4,31372,3145.0,383.32130728,2.52503728,unified_EVP_in_process
USA,rsa15360_hawk1024,4ICA,5,39200,3145.0,383.32130728,2.52503728,unified_EVP_in_process
USA,rsa15360_mayo5,1ICA,2,21398,2888.0,384.01819744,2.9341852399999997,unified_EVP_in_process
USA,rsa15360_mayo5,2ICA,3,32091,2888.0,384.01819744,2.9341852399999997,unified_EVP_in_process
USA,rsa15360_mayo5,3ICA,4,42776,2888.0,384.01819744,2.9341852399999997,unified_EVP_in_process
USA,rsa15360_mayo5,4ICA,5,53455,2888.0,384.01819744,2.9341852399999997,unified_EVP_in_process
USA,rsa15360_mldsa87,1ICA,2,22808,6551.0,383.86398606,2.55550676,unified_EVP_in_process
USA,rsa15360_mldsa87,2ICA,3,34205,6551.0,383.86398606,2.55550676,unified_EVP_in_process
USA,rsa15360_mldsa87,3ICA,4,45596,6551.0,383.86398606,2.55550676,unified_EVP_in_process
USA,rsa15360_mldsa87,4ICA,5,56980,6551.0,383.86398606,2.55550676,unified_EVP_in_process
USA,rsa15360_mqom2cat5gf16fastr5,1ICA,2,36206,15696.0,395.61356992000003,13.7049767,unified_EVP_in_process
USA,rsa15360_mqom2cat5gf16fastr5,2ICA,3,54303,15696.0,395.61356992000003,13.7049767,unified_EVP_in_process
USA,rsa15360_mqom2cat5gf16fastr5,3ICA,4,72392,15696.0,395.61356992000003,13.7049767,unified_EVP_in_process
USA,rsa15360_mqom2cat5gf16fastr5,4ICA,5,90475,15696.0,395.61356992000003,13.7049767,unified_EVP_in_process
USA,rsa15360_qruov5q7l10v1490m190,1ICA,2,280568,2586.0,534.19742318,131.56208114,unified_EVP_in_process
USA,rsa15360_qruov5q7l10v1490m190,2ICA,3,420846,2586.0,534.19742318,131.56208114,unified_EVP_in_process
USA,rsa15360_qruov5q7l10v1490m190,3ICA,4,561116,2586.0,534.19742318,131.56208114,unified_EVP_in_process
USA,rsa15360_qruov5q7l10v1490m190,4ICA,5,701380,2586.0,534.19742318,131.56208114,unified_EVP_in_process
USA,rsa15360_sdithhypercubecat5gf256,1ICA,2,76770,35848.0,453.64436636,68.24397818,unified_EVP_in_process
USA,rsa15360_sdithhypercubecat5gf256,2ICA,3,115149,35848.0,453.64436636,68.24397818,unified_EVP_in_process
USA,rsa15360_sdithhypercubecat5gf256,3ICA,4,153520,35848.0,453.64436636,68.24397818,unified_EVP_in_process
USA,rsa15360_sdithhypercubecat5gf256,4ICA,5,191885,35848.0,453.64436636,68.24397818,unified_EVP_in_process
USA,rsa15360_sdiththresholdcat5gf256,1ICA,2,97642,46410.72,407.06073724000004,7.563139619999999,unified_EVP_in_process
USA,rsa15360_sdiththresholdcat5gf256,2ICA,3,146809,46410.72,407.06073724000004,7.563139619999999,unified_EVP_in_process
USA,rsa15360_sdiththresholdcat5gf256,3ICA,4,195264,46410.72,407.06073724000004,7.563139619999999,unified_EVP_in_process
USA,rsa15360_sdiththresholdcat5gf256,4ICA,5,244225,46410.72,407.06073724000004,7.563139619999999,unified_EVP_in_process
USA,rsa15360_slhdsasha2256f,1ICA,2,108238,51780.0,489.88514012,5.25175732,unified_EVP_in_process
USA,rsa15360_slhdsasha2256f,2ICA,3,162351,51780.0,489.88514012,5.25175732,unified_EVP_in_process
USA,rsa15360_slhdsasha2256f,3ICA,4,216456,51780.0,489.88514012,5.25175732,unified_EVP_in_process
USA,rsa15360_slhdsasha2256f,4ICA,5,270555,51780.0,489.88514012,5.25175732,unified_EVP_in_process
USA,rsa15360_slhdsasha2256s,1ICA,2,68110,31716.0,1426.8765470399999,3.8429913,unified_EVP_in_process
USA,rsa15360_slhdsasha2256s,2ICA,3,102159,31716.0,1426.8765470399999,3.8429913,unified_EVP_in_process
USA,rsa15360_slhdsasha2256s,3ICA,4,136200,31716.0,1426.8765470399999,3.8429913,unified_EVP_in_process
USA,rsa15360_slhdsasha2256s,4ICA,5,170235,31716.0,1426.8765470399999,3.8429913,unified_EVP_in_process
USA,rsa15360_slhdsashake256f,1ICA,2,108260,51780.0,539.25752268,6.87321506,unified_EVP_in_process
USA,rsa15360_slhdsashake256f,2ICA,3,162363,51780.0,539.25752268,6.87321506,unified_EVP_in_process
USA,rsa15360_slhdsashake256f,3ICA,4,216464,51780.0,539.25752268,6.87321506,unified_EVP_in_process
USA,rsa15360_slhdsashake256f,4ICA,5,270565,51780.0,539.25752268,6.87321506,unified_EVP_in_process
USA,rsa15360_slhdsashake256s,1ICA,2,68132,31716.0,1997.4611317999997,4.7171086,unified_EVP_in_process
USA,rsa15360_slhdsashake256s,2ICA,3,102171,31716.0,1997.4611317999997,4.7171086,unified_EVP_in_process
USA,rsa15360_slhdsashake256s,3ICA,4,136208,31716.0,1997.4611317999997,4.7171086,unified_EVP_in_process
USA,rsa15360_slhdsashake256s,4ICA,5,170245,31716.0,1997.4611317999997,4.7171086,unified_EVP_in_process
USA,rsa15360_snova2965,1ICA,2,14718,2378.0,385.8499908,2.9516253,unified_EVP_in_process
USA,rsa15360_snova2965,2ICA,3,22071,2378.0,385.8499908,2.9516253,unified_EVP_in_process
USA,rsa15360_snova2965,3ICA,4,29416,2378.0,385.8499908,2.9516253,unified_EVP_in_process
USA,rsa15360_snova2965,4ICA,5,36755,2378.0,385.8499908,2.9516253,unified_EVP_in_process
USA,rsa3072_OV_Ip_pkc,1ICA,2,89638,516.0,4.02323502,0.88688536,unified_EVP_in_process
USA,rsa3072_OV_Ip_pkc,2ICA,3,134451,516.0,4.02323502,0.88688536,unified_EVP_in_process
USA,rsa3072_OV_Ip_pkc,3ICA,4,179256,516.0,4.02323502,0.88688536,unified_EVP_in_process
USA,rsa3072_OV_Ip_pkc,4ICA,5,224055,516.0,4.02323502,0.88688536,unified_EVP_in_process
USA,rsa3072_OV_Is_pkc,1ICA,2,135582,484.0,4.09570438,0.9527275000000001,unified_EVP_in_process
USA,rsa3072_OV_Is_pkc,2ICA,3,203367,484.0,4.09570438,0.9527275000000001,unified_EVP_in_process
USA,rsa3072_OV_Is_pkc,3ICA,4,271144,484.0,4.09570438,0.9527275000000001,unified_EVP_in_process
USA,rsa3072_OV_Is_pkc,4ICA,5,338915,484.0,4.09570438,0.9527275000000001,unified_EVP_in_process
USA,rsa3072_faest128f,1ICA,2,14142,6312.0,21.76768756,14.82357624,unified_EVP_in_process
USA,rsa3072_faest128f,2ICA,3,21207,6312.0,21.76768756,14.82357624,unified_EVP_in_process
USA,rsa3072_faest128f,3ICA,4,28264,6312.0,21.76768756,14.82357624,unified_EVP_in_process
USA,rsa3072_faest128f,4ICA,5,35315,6312.0,21.76768756,14.82357624,unified_EVP_in_process
USA,rsa3072_faest128s,1ICA,2,11306,4894.0,59.99939146,49.40532346,unified_EVP_in_process
USA,rsa3072_faest128s,2ICA,3,16953,4894.0,59.99939146,49.40532346,unified_EVP_in_process
USA,rsa3072_faest128s,3ICA,4,22592,4894.0,59.99939146,49.40532346,unified_EVP_in_process
USA,rsa3072_faest128s,4ICA,5,28225,4894.0,59.99939146,49.40532346,unified_EVP_in_process
USA,rsa3072_falcon512,1ICA,2,5327,1043.24,4.33375998,0.9256736,unified_EVP_in_process
USA,rsa3072_falcon512,2ICA,3,7986,1043.24,4.33375998,0.9256736,unified_EVP_in_process
USA,rsa3072_falcon512,3ICA,4,10630,1043.24,4.33375998,0.9256736,unified_EVP_in_process
USA,rsa3072_falcon512,4ICA,5,13276,1043.24,4.33375998,0.9256736,unified_EVP_in_process
USA,rsa3072_hawk512,1ICA,2,5380,943.0,4.0367986,0.8215025,unified_EVP_in_process
USA,rsa3072_hawk512,2ICA,3,8064,943.0,4.0367986,0.8215025,unified_EVP_in_process
USA,rsa3072_hawk512,3ICA,4,10740,943.0,4.0367986,0.8215025,unified_EVP_in_process
USA,rsa3072_hawk512,4ICA,5,13410,943.0,4.0367986,0.8215025,unified_EVP_in_process
USA,rsa3072_mayo1,1ICA,2,5962,842.0,4.36549356,0.9012835200000001,unified_EVP_in_process
USA,rsa3072_mayo1,2ICA,3,8937,842.0,4.36549356,0.9012835200000001,unified_EVP_in_process
USA,rsa3072_mayo1,3ICA,4,11904,842.0,4.36549356,0.9012835200000001,unified_EVP_in_process
USA,rsa3072_mayo1,4ICA,5,14865,842.0,4.36549356,0.9012835200000001,unified_EVP_in_process
USA,rsa3072_mayo2,1ICA,2,12410,574.0,4.14839266,0.8009593599999999,unified_EVP_in_process
USA,rsa3072_mayo2,2ICA,3,18609,574.0,4.14839266,0.8009593599999999,unified_EVP_in_process
USA,rsa3072_mayo2,3ICA,4,24800,574.0,4.14839266,0.8009593599999999,unified_EVP_in_process
USA,rsa3072_mayo2,4ICA,5,30985,574.0,4.14839266,0.8009593599999999,unified_EVP_in_process
USA,rsa3072_mldsa44,1ICA,2,9680,2808.0,4.1725179400000005,0.90453046,unified_EVP_in_process
USA,rsa3072_mldsa44,2ICA,3,14514,2808.0,4.1725179400000005,0.90453046,unified_EVP_in_process
USA,rsa3072_mldsa44,3ICA,4,19340,2808.0,4.1725179400000005,0.90453046,unified_EVP_in_process
USA,rsa3072_mldsa44,4ICA,5,24160,2808.0,4.1725179400000005,0.90453046,unified_EVP_in_process
USA,rsa3072_mqom2cat1gf16fastr5,1ICA,2,8950,3668.0,5.54430832,2.08246284,unified_EVP_in_process
USA,rsa3072_mqom2cat1gf16fastr5,2ICA,3,13419,3668.0,5.54430832,2.08246284,unified_EVP_in_process
USA,rsa3072_mqom2cat1gf16fastr5,3ICA,4,17880,3668.0,5.54430832,2.08246284,unified_EVP_in_process
USA,rsa3072_mqom2cat1gf16fastr5,4ICA,5,22335,3668.0,5.54430832,2.08246284,unified_EVP_in_process
USA,rsa3072_qruov1q7l10v740m100,1ICA,2,44214,719.0,23.65556396,18.36988412,unified_EVP_in_process
USA,rsa3072_qruov1q7l10v740m100,2ICA,3,66315,719.0,23.65556396,18.36988412,unified_EVP_in_process
USA,rsa3072_qruov1q7l10v740m100,3ICA,4,88408,719.0,23.65556396,18.36988412,unified_EVP_in_process
USA,rsa3072_qruov1q7l10v740m100,4ICA,5,110495,719.0,23.65556396,18.36988412,unified_EVP_in_process
USA,rsa3072_sdithhypercubecat1gf256,1ICA,2,19542,8884.0,18.1181725,14.184322239999998,unified_EVP_in_process
USA,rsa3072_sdithhypercubecat1gf256,2ICA,3,29307,8884.0,18.1181725,14.184322239999998,unified_EVP_in_process
USA,rsa3072_sdithhypercubecat1gf256,3ICA,4,39064,8884.0,18.1181725,14.184322239999998,unified_EVP_in_process
USA,rsa3072_sdithhypercubecat1gf256,4ICA,5,48815,8884.0,18.1181725,14.184322239999998,unified_EVP_in_process
USA,rsa3072_sdiththresholdcat1gf256,1ICA,2,23430,10736.48,9.9400593,1.7790385,unified_EVP_in_process
USA,rsa3072_sdiththresholdcat1gf256,2ICA,3,35091,10736.48,9.9400593,1.7790385,unified_EVP_in_process
USA,rsa3072_sdiththresholdcat1gf256,3ICA,4,46680,10736.48,9.9400593,1.7790385,unified_EVP_in_process
USA,rsa3072_sdiththresholdcat1gf256,4ICA,5,58711,10736.48,9.9400593,1.7790385,unified_EVP_in_process
USA,rsa3072_slhdsasha2128f,1ICA,2,36490,17476.0,35.14300076,2.81801806,unified_EVP_in_process
USA,rsa3072_slhdsasha2128f,2ICA,3,54729,17476.0,35.14300076,2.81801806,unified_EVP_in_process
USA,rsa3072_slhdsasha2128f,3ICA,4,72960,17476.0,35.14300076,2.81801806,unified_EVP_in_process
USA,rsa3072_slhdsasha2128f,4ICA,5,91185,17476.0,35.14300076,2.81801806,unified_EVP_in_process
USA,rsa3072_slhdsasha2128s,1ICA,2,18026,8244.0,651.8047660799999,1.66218834,unified_EVP_in_process
USA,rsa3072_slhdsasha2128s,2ICA,3,27033,8244.0,651.8047660799999,1.66218834,unified_EVP_in_process
USA,rsa3072_slhdsasha2128s,3ICA,4,36032,8244.0,651.8047660799999,1.66218834,unified_EVP_in_process
USA,rsa3072_slhdsasha2128s,4ICA,5,45025,8244.0,651.8047660799999,1.66218834,unified_EVP_in_process
USA,rsa3072_slhdsashake128f,1ICA,2,36512,17476.0,52.37526628,3.79062138,unified_EVP_in_process
USA,rsa3072_slhdsashake128f,2ICA,3,54741,17476.0,52.37526628,3.79062138,unified_EVP_in_process
USA,rsa3072_slhdsashake128f,3ICA,4,72968,17476.0,52.37526628,3.79062138,unified_EVP_in_process
USA,rsa3072_slhdsashake128f,4ICA,5,91195,17476.0,52.37526628,3.79062138,unified_EVP_in_process
USA,rsa3072_slhdsashake128s,1ICA,2,18048,8244.0,1007.46629116,1.8901583199999998,unified_EVP_in_process
USA,rsa3072_slhdsashake128s,2ICA,3,27045,8244.0,1007.46629116,1.8901583199999998,unified_EVP_in_process
USA,rsa3072_slhdsashake128s,3ICA,4,36040,8244.0,1007.46629116,1.8901583199999998,unified_EVP_in_process
USA,rsa3072_slhdsashake128s,4ICA,5,45035,8244.0,1007.46629116,1.8901583199999998,unified_EVP_in_process
USA,rsa3072_snova2454,1ICA,2,4758,636.0,4.63330394,0.9374242599999999,unified_EVP_in_process
USA,rsa3072_snova2454,2ICA,3,7131,636.0,4.63330394,0.9374242599999999,unified_EVP_in_process
USA,rsa3072_snova2454,3ICA,4,9496,636.0,4.63330394,0.9374242599999999,unified_EVP_in_process
USA,rsa3072_snova2454,4ICA,5,11855,636.0,4.63330394,0.9374242599999999,unified_EVP_in_process
USA,rsa3072_snova37172,1ICA,2,22166,512.0,4.57019544,0.86956652,unified_EVP_in_process
USA,rsa3072_snova37172,2ICA,3,33243,512.0,4.57019544,0.86956652,unified_EVP_in_process
USA,rsa3072_snova37172,3ICA,4,44312,512.0,4.57019544,0.86956652,unified_EVP_in_process
USA,rsa3072_snova37172,4ICA,5,55375,512.0,4.57019544,0.86956652,unified_EVP_in_process
USA,rsa7680_OV_III_pkc,1ICA,2,383410,1164.0,71.56604716,1.67354382,unified_EVP_in_process
USA,rsa7680_OV_III_pkc,2ICA,3,575109,1164.0,71.56604716,1.67354382,unified_EVP_in_process
USA,rsa7680_OV_III_pkc,3ICA,4,766800,1164.0,71.56604716,1.67354382,unified_EVP_in_process
USA,rsa7680_OV_III_pkc,4ICA,5,958485,1164.0,71.56604716,1.67354382,unified_EVP_in_process
USA,rsa7680_faest192f,1ICA,2,34526,15912.0,163.1139054,66.9427158,unified_EVP_in_process
USA,rsa7680_faest192f,2ICA,3,51783,15912.0,163.1139054,66.9427158,unified_EVP_in_process
USA,rsa7680_faest192f,3ICA,4,69032,15912.0,163.1139054,66.9427158,unified_EVP_in_process
USA,rsa7680_faest192f,4ICA,5,86275,15912.0,163.1139054,66.9427158,unified_EVP_in_process
USA,rsa7680_faest192s,1ICA,2,27150,12224.0,293.46916304,182.1834723,unified_EVP_in_process
USA,rsa7680_faest192s,2ICA,3,40719,12224.0,293.46916304,182.1834723,unified_EVP_in_process
USA,rsa7680_faest192s,3ICA,4,54280,12224.0,293.46916304,182.1834723,unified_EVP_in_process
USA,rsa7680_faest192s,4ICA,5,67835,12224.0,293.46916304,182.1834723,unified_EVP_in_process
USA,rsa7680_mayo3,1ICA,2,11852,1645.0,73.70216185999999,1.4500411199999999,unified_EVP_in_process
USA,rsa7680_mayo3,2ICA,3,17772,1645.0,73.70216185999999,1.4500411199999999,unified_EVP_in_process
USA,rsa7680_mayo3,3ICA,4,23684,1645.0,73.70216185999999,1.4500411199999999,unified_EVP_in_process
USA,rsa7680_mayo3,4ICA,5,29590,1645.0,73.70216185999999,1.4500411199999999,unified_EVP_in_process
USA,rsa7680_mldsa65,1ICA,2,15048,4273.0,72.04748330000001,1.39545922,unified_EVP_in_process
USA,rsa7680_mldsa65,2ICA,3,22566,4273.0,72.04748330000001,1.39545922,unified_EVP_in_process
USA,rsa7680_mldsa65,3ICA,4,30076,4273.0,72.04748330000001,1.39545922,unified_EVP_in_process
USA,rsa7680_mldsa65,4ICA,5,37580,4273.0,72.04748330000001,1.39545922,unified_EVP_in_process
USA,rsa7680_mqom2cat3gf16fastr5,1ICA,2,20230,8702.0,76.89064669999999,6.392504679999999,unified_EVP_in_process
USA,rsa7680_mqom2cat3gf16fastr5,2ICA,3,30339,8702.0,76.89064669999999,6.392504679999999,unified_EVP_in_process
USA,rsa7680_mqom2cat3gf16fastr5,3ICA,4,40440,8702.0,76.89064669999999,6.392504679999999,unified_EVP_in_process
USA,rsa7680_mqom2cat3gf16fastr5,4ICA,5,50535,8702.0,76.89064669999999,6.392504679999999,unified_EVP_in_process
USA,rsa7680_qruov3q7l10v1100m140,1ICA,2,115854,1453.0,132.72765798,54.744867940000006,unified_EVP_in_process
USA,rsa7680_qruov3q7l10v1100m140,2ICA,3,173775,1453.0,132.72765798,54.744867940000006,unified_EVP_in_process
USA,rsa7680_qruov3q7l10v1100m140,3ICA,4,231688,1453.0,132.72765798,54.744867940000006,unified_EVP_in_process
USA,rsa7680_qruov3q7l10v1100m140,4ICA,5,289595,1453.0,132.72765798,54.744867940000006,unified_EVP_in_process
USA,rsa7680_sdithhypercubecat3gf256,1ICA,2,44038,20508.0,109.77353826000001,37.012517980000005,unified_EVP_in_process
USA,rsa7680_sdithhypercubecat3gf256,2ICA,3,66051,20508.0,109.77353826000001,37.012517980000005,unified_EVP_in_process
USA,rsa7680_sdithhypercubecat3gf256,3ICA,4,88056,20508.0,109.77353826000001,37.012517980000005,unified_EVP_in_process
USA,rsa7680_sdithhypercubecat3gf256,4ICA,5,110055,20508.0,109.77353826000001,37.012517980000005,unified_EVP_in_process
USA,rsa7680_sdiththresholdcat3gf256,1ICA,2,55910,26209.76,86.3781107,4.21132248,unified_EVP_in_process
USA,rsa7680_sdiththresholdcat3gf256,2ICA,3,82947,26209.76,86.3781107,4.21132248,unified_EVP_in_process
USA,rsa7680_sdiththresholdcat3gf256,3ICA,4,111656,26209.76,86.3781107,4.21132248,unified_EVP_in_process
USA,rsa7680_sdiththresholdcat3gf256,4ICA,5,137863,26209.76,86.3781107,4.21132248,unified_EVP_in_process
USA,rsa7680_slhdsasha2192f,1ICA,2,75978,36628.0,125.63753182,4.06232404,unified_EVP_in_process
USA,rsa7680_slhdsasha2192f,2ICA,3,113961,36628.0,125.63753182,4.06232404,unified_EVP_in_process
USA,rsa7680_slhdsasha2192f,3ICA,4,151936,36628.0,125.63753182,4.06232404,unified_EVP_in_process
USA,rsa7680_slhdsasha2192f,4ICA,5,189905,36628.0,125.63753182,4.06232404,unified_EVP_in_process
USA,rsa7680_slhdsasha2192s,1ICA,2,37098,17188.0,1246.85192182,2.18208894,unified_EVP_in_process
USA,rsa7680_slhdsasha2192s,2ICA,3,55641,17188.0,1246.85192182,2.18208894,unified_EVP_in_process
USA,rsa7680_slhdsasha2192s,3ICA,4,74176,17188.0,1246.85192182,2.18208894,unified_EVP_in_process
USA,rsa7680_slhdsasha2192s,4ICA,5,92705,17188.0,1246.85192182,2.18208894,unified_EVP_in_process
USA,rsa7680_slhdsashake192f,1ICA,2,76000,36628.0,150.92034698,5.4079058,unified_EVP_in_process
USA,rsa7680_slhdsashake192f,2ICA,3,113973,36628.0,150.92034698,5.4079058,unified_EVP_in_process
USA,rsa7680_slhdsashake192f,3ICA,4,151944,36628.0,150.92034698,5.4079058,unified_EVP_in_process
USA,rsa7680_slhdsashake192f,4ICA,5,189915,36628.0,150.92034698,5.4079058,unified_EVP_in_process
USA,rsa7680_slhdsashake192s,1ICA,2,37120,17188.0,1867.9482877,2.79668212,unified_EVP_in_process
USA,rsa7680_slhdsashake192s,2ICA,3,55653,17188.0,1867.9482877,2.79668212,unified_EVP_in_process
USA,rsa7680_slhdsashake192s,3ICA,4,74184,17188.0,1867.9482877,2.79668212,unified_EVP_in_process
USA,rsa7680_slhdsashake192s,4ICA,5,92715,17188.0,1867.9482877,2.79668212,unified_EVP_in_process
USA,rsa7680_snova2455,1ICA,2,8450,1343.0,73.20245713999999,1.6855383000000002,unified_EVP_in_process
USA,rsa7680_snova2455,2ICA,3,12668,1343.0,73.20245713999999,1.6855383000000002,unified_EVP_in_process
USA,rsa7680_snova2455,3ICA,4,16880,1343.0,73.20245713999999,1.6855383000000002,unified_EVP_in_process
USA,rsa7680_snova2455,4ICA,5,21085,1343.0,73.20245713999999,1.6855383000000002,unified_EVP_in_process
seoul,p256_sqisign1,1ICA,2,1503,275.12,57.59882578,8.121564540000001,unified_EVP_in_process
tokyo,p256_sqisign1,1ICA,2,1503,275.12,57.59882578,8.121564540000001,unified_EVP_in_process
singapore,p256_sqisign1,1ICA,2,1503,275.12,57.59882578,8.121564540000001,unified_EVP_in_process
usa,p256_sqisign1,1ICA,2,1503,275.12,57.59882578,8.121564540000001,unified_EVP_in_process
frankfurt,p256_sqisign1,1ICA,2,1503,275.12,57.59882578,8.121564540000001,unified_EVP_in_process
seoul,p256_sqisign1,2ICA,3,2226,275.12,57.59882578,8.121564540000001,unified_EVP_in_process
tokyo,p256_sqisign1,2ICA,3,2226,275.12,57.59882578,8.121564540000001,unified_EVP_in_process
singapore,p256_sqisign1,2ICA,3,2226,275.12,57.59882578,8.121564540000001,unified_EVP_in_process
usa,p256_sqisign1,2ICA,3,2226,275.12,57.59882578,8.121564540000001,unified_EVP_in_process
frankfurt,p256_sqisign1,2ICA,3,2226,275.12,57.59882578,8.121564540000001,unified_EVP_in_process
seoul,p256_sqisign1,3ICA,4,2948,275.12,57.59882578,8.121564540000001,unified_EVP_in_process
tokyo,p256_sqisign1,3ICA,4,2948,275.12,57.59882578,8.121564540000001,unified_EVP_in_process
singapore,p256_sqisign1,3ICA,4,2948,275.12,57.59882578,8.121564540000001,unified_EVP_in_process
usa,p256_sqisign1,3ICA,4,2948,275.12,57.59882578,8.121564540000001,unified_EVP_in_process
frankfurt,p256_sqisign1,3ICA,4,2948,275.12,57.59882578,8.121564540000001,unified_EVP_in_process
seoul,p256_sqisign1,4ICA,5,3671,275.12,57.59882578,8.121564540000001,unified_EVP_in_process
tokyo,p256_sqisign1,4ICA,5,3671,275.12,57.59882578,8.121564540000001,unified_EVP_in_process
singapore,p256_sqisign1,4ICA,5,3671,275.12,57.59882578,8.121564540000001,unified_EVP_in_process
usa,p256_sqisign1,4ICA,5,3671,275.12,57.59882578,8.121564540000001,unified_EVP_in_process
frankfurt,p256_sqisign1,4ICA,5,3671,275.12,57.59882578,8.121564540000001,unified_EVP_in_process
seoul,rsa3072_sqisign1,1ICA,2,2810,588.0,62.65887366,8.098147840000001,unified_EVP_in_process
tokyo,rsa3072_sqisign1,1ICA,2,2810,588.0,62.65887366,8.098147840000001,unified_EVP_in_process
singapore,rsa3072_sqisign1,1ICA,2,2810,588.0,62.65887366,8.098147840000001,unified_EVP_in_process
usa,rsa3072_sqisign1,1ICA,2,2810,588.0,62.65887366,8.098147840000001,unified_EVP_in_process
frankfurt,rsa3072_sqisign1,1ICA,2,2810,588.0,62.65887366,8.098147840000001,unified_EVP_in_process
seoul,rsa3072_sqisign1,2ICA,3,4188,588.0,62.65887366,8.098147840000001,unified_EVP_in_process
tokyo,rsa3072_sqisign1,2ICA,3,4188,588.0,62.65887366,8.098147840000001,unified_EVP_in_process
singapore,rsa3072_sqisign1,2ICA,3,4188,588.0,62.65887366,8.098147840000001,unified_EVP_in_process
usa,rsa3072_sqisign1,2ICA,3,4188,588.0,62.65887366,8.098147840000001,unified_EVP_in_process
frankfurt,rsa3072_sqisign1,2ICA,3,4188,588.0,62.65887366,8.098147840000001,unified_EVP_in_process
seoul,rsa3072_sqisign1,3ICA,4,5564,588.0,62.65887366,8.098147840000001,unified_EVP_in_process
tokyo,rsa3072_sqisign1,3ICA,4,5564,588.0,62.65887366,8.098147840000001,unified_EVP_in_process
singapore,rsa3072_sqisign1,3ICA,4,5564,588.0,62.65887366,8.098147840000001,unified_EVP_in_process
usa,rsa3072_sqisign1,3ICA,4,5564,588.0,62.65887366,8.098147840000001,unified_EVP_in_process
frankfurt,rsa3072_sqisign1,3ICA,4,5564,588.0,62.65887366,8.098147840000001,unified_EVP_in_process
seoul,rsa3072_sqisign1,4ICA,5,6940,588.0,62.65887366,8.098147840000001,unified_EVP_in_process
tokyo,rsa3072_sqisign1,4ICA,5,6940,588.0,62.65887366,8.098147840000001,unified_EVP_in_process
singapore,rsa3072_sqisign1,4ICA,5,6940,588.0,62.65887366,8.098147840000001,unified_EVP_in_process
usa,rsa3072_sqisign1,4ICA,5,6940,588.0,62.65887366,8.098147840000001,unified_EVP_in_process
frankfurt,rsa3072_sqisign1,4ICA,5,6940,588.0,62.65887366,8.098147840000001,unified_EVP_in_process
seoul,p384_sqisign3,1ICA,2,1934,412.86,208.26913258000002,24.43984728,unified_EVP_in_process
tokyo,p384_sqisign3,1ICA,2,1934,412.86,208.26913258000002,24.43984728,unified_EVP_in_process
singapore,p384_sqisign3,1ICA,2,1934,412.86,208.26913258000002,24.43984728,unified_EVP_in_process
usa,p384_sqisign3,1ICA,2,1934,412.86,208.26913258000002,24.43984728,unified_EVP_in_process
frankfurt,p384_sqisign3,1ICA,2,1934,412.86,208.26913258000002,24.43984728,unified_EVP_in_process
seoul,p384_sqisign3,2ICA,3,2875,412.86,208.26913258000002,24.43984728,unified_EVP_in_process
tokyo,p384_sqisign3,2ICA,3,2875,412.86,208.26913258000002,24.43984728,unified_EVP_in_process
singapore,p384_sqisign3,2ICA,3,2875,412.86,208.26913258000002,24.43984728,unified_EVP_in_process
usa,p384_sqisign3,2ICA,3,2875,412.86,208.26913258000002,24.43984728,unified_EVP_in_process
frankfurt,p384_sqisign3,2ICA,3,2875,412.86,208.26913258000002,24.43984728,unified_EVP_in_process
seoul,p384_sqisign3,3ICA,4,3812,412.86,208.26913258000002,24.43984728,unified_EVP_in_process
tokyo,p384_sqisign3,3ICA,4,3812,412.86,208.26913258000002,24.43984728,unified_EVP_in_process
singapore,p384_sqisign3,3ICA,4,3812,412.86,208.26913258000002,24.43984728,unified_EVP_in_process
usa,p384_sqisign3,3ICA,4,3812,412.86,208.26913258000002,24.43984728,unified_EVP_in_process
frankfurt,p384_sqisign3,3ICA,4,3812,412.86,208.26913258000002,24.43984728,unified_EVP_in_process
seoul,p384_sqisign3,4ICA,5,4750,412.86,208.26913258000002,24.43984728,unified_EVP_in_process
tokyo,p384_sqisign3,4ICA,5,4750,412.86,208.26913258000002,24.43984728,unified_EVP_in_process
singapore,p384_sqisign3,4ICA,5,4750,412.86,208.26913258000002,24.43984728,unified_EVP_in_process
usa,p384_sqisign3,4ICA,5,4750,412.86,208.26913258000002,24.43984728,unified_EVP_in_process
frankfurt,p384_sqisign3,4ICA,5,4750,412.86,208.26913258000002,24.43984728,unified_EVP_in_process
seoul,rsa7680_sqisign3,1ICA,2,5418,1270.0,284.17976344,23.65411438,unified_EVP_in_process
tokyo,rsa7680_sqisign3,1ICA,2,5418,1270.0,284.17976344,23.65411438,unified_EVP_in_process
singapore,rsa7680_sqisign3,1ICA,2,5418,1270.0,284.17976344,23.65411438,unified_EVP_in_process
usa,rsa7680_sqisign3,1ICA,2,5418,1270.0,284.17976344,23.65411438,unified_EVP_in_process
frankfurt,rsa7680_sqisign3,1ICA,2,5418,1270.0,284.17976344,23.65411438,unified_EVP_in_process
seoul,rsa7680_sqisign3,2ICA,3,8100,1270.0,284.17976344,23.65411438,unified_EVP_in_process
tokyo,rsa7680_sqisign3,2ICA,3,8100,1270.0,284.17976344,23.65411438,unified_EVP_in_process
singapore,rsa7680_sqisign3,2ICA,3,8100,1270.0,284.17976344,23.65411438,unified_EVP_in_process
usa,rsa7680_sqisign3,2ICA,3,8100,1270.0,284.17976344,23.65411438,unified_EVP_in_process
frankfurt,rsa7680_sqisign3,2ICA,3,8100,1270.0,284.17976344,23.65411438,unified_EVP_in_process
seoul,rsa7680_sqisign3,3ICA,4,10780,1270.0,284.17976344,23.65411438,unified_EVP_in_process
tokyo,rsa7680_sqisign3,3ICA,4,10780,1270.0,284.17976344,23.65411438,unified_EVP_in_process
singapore,rsa7680_sqisign3,3ICA,4,10780,1270.0,284.17976344,23.65411438,unified_EVP_in_process
usa,rsa7680_sqisign3,3ICA,4,10780,1270.0,284.17976344,23.65411438,unified_EVP_in_process
frankfurt,rsa7680_sqisign3,3ICA,4,10780,1270.0,284.17976344,23.65411438,unified_EVP_in_process
seoul,rsa7680_sqisign3,4ICA,5,13460,1270.0,284.17976344,23.65411438,unified_EVP_in_process
tokyo,rsa7680_sqisign3,4ICA,5,13460,1270.0,284.17976344,23.65411438,unified_EVP_in_process
singapore,rsa7680_sqisign3,4ICA,5,13460,1270.0,284.17976344,23.65411438,unified_EVP_in_process
usa,rsa7680_sqisign3,4ICA,5,13460,1270.0,284.17976344,23.65411438,unified_EVP_in_process
frankfurt,rsa7680_sqisign3,4ICA,5,13460,1270.0,284.17976344,23.65411438,unified_EVP_in_process
seoul,p521_sqisign5,1ICA,2,2359,548.54,409.23381356,46.45246958,unified_EVP_in_process
tokyo,p521_sqisign5,1ICA,2,2359,548.54,409.23381356,46.45246958,unified_EVP_in_process
singapore,p521_sqisign5,1ICA,2,2359,548.54,409.23381356,46.45246958,unified_EVP_in_process
usa,p521_sqisign5,1ICA,2,2359,548.54,409.23381356,46.45246958,unified_EVP_in_process
frankfurt,p521_sqisign5,1ICA,2,2359,548.54,409.23381356,46.45246958,unified_EVP_in_process
seoul,p521_sqisign5,2ICA,3,3513,548.54,409.23381356,46.45246958,unified_EVP_in_process
tokyo,p521_sqisign5,2ICA,3,3513,548.54,409.23381356,46.45246958,unified_EVP_in_process
singapore,p521_sqisign5,2ICA,3,3513,548.54,409.23381356,46.45246958,unified_EVP_in_process
usa,p521_sqisign5,2ICA,3,3513,548.54,409.23381356,46.45246958,unified_EVP_in_process
frankfurt,p521_sqisign5,2ICA,3,3513,548.54,409.23381356,46.45246958,unified_EVP_in_process
seoul,p521_sqisign5,3ICA,4,4665,548.54,409.23381356,46.45246958,unified_EVP_in_process
tokyo,p521_sqisign5,3ICA,4,4665,548.54,409.23381356,46.45246958,unified_EVP_in_process
singapore,p521_sqisign5,3ICA,4,4665,548.54,409.23381356,46.45246958,unified_EVP_in_process
usa,p521_sqisign5,3ICA,4,4665,548.54,409.23381356,46.45246958,unified_EVP_in_process
frankfurt,p521_sqisign5,3ICA,4,4665,548.54,409.23381356,46.45246958,unified_EVP_in_process
seoul,p521_sqisign5,4ICA,5,5818,548.54,409.23381356,46.45246958,unified_EVP_in_process
tokyo,p521_sqisign5,4ICA,5,5818,548.54,409.23381356,46.45246958,unified_EVP_in_process
singapore,p521_sqisign5,4ICA,5,5818,548.54,409.23381356,46.45246958,unified_EVP_in_process
usa,p521_sqisign5,4ICA,5,5818,548.54,409.23381356,46.45246958,unified_EVP_in_process
frankfurt,p521_sqisign5,4ICA,5,5818,548.54,409.23381356,46.45246958,unified_EVP_in_process
seoul,rsa15360_sqisign5,1ICA,2,9542,2330.0,809.64967764,46.16169454,unified_EVP_in_process
tokyo,rsa15360_sqisign5,1ICA,2,9542,2330.0,809.64967764,46.16169454,unified_EVP_in_process
singapore,rsa15360_sqisign5,1ICA,2,9542,2330.0,809.64967764,46.16169454,unified_EVP_in_process
usa,rsa15360_sqisign5,1ICA,2,9542,2330.0,809.64967764,46.16169454,unified_EVP_in_process
frankfurt,rsa15360_sqisign5,1ICA,2,9542,2330.0,809.64967764,46.16169454,unified_EVP_in_process
seoul,rsa15360_sqisign5,2ICA,3,14286,2330.0,809.64967764,46.16169454,unified_EVP_in_process
tokyo,rsa15360_sqisign5,2ICA,3,14286,2330.0,809.64967764,46.16169454,unified_EVP_in_process
singapore,rsa15360_sqisign5,2ICA,3,14286,2330.0,809.64967764,46.16169454,unified_EVP_in_process
usa,rsa15360_sqisign5,2ICA,3,14286,2330.0,809.64967764,46.16169454,unified_EVP_in_process
frankfurt,rsa15360_sqisign5,2ICA,3,14286,2330.0,809.64967764,46.16169454,unified_EVP_in_process
seoul,rsa15360_sqisign5,3ICA,4,19028,2330.0,809.64967764,46.16169454,unified_EVP_in_process
tokyo,rsa15360_sqisign5,3ICA,4,19028,2330.0,809.64967764,46.16169454,unified_EVP_in_process
singapore,rsa15360_sqisign5,3ICA,4,19028,2330.0,809.64967764,46.16169454,unified_EVP_in_process
usa,rsa15360_sqisign5,3ICA,4,19028,2330.0,809.64967764,46.16169454,unified_EVP_in_process
frankfurt,rsa15360_sqisign5,3ICA,4,19028,2330.0,809.64967764,46.16169454,unified_EVP_in_process
seoul,rsa15360_sqisign5,4ICA,5,23770,2330.0,809.64967764,46.16169454,unified_EVP_in_process
tokyo,rsa15360_sqisign5,4ICA,5,23770,2330.0,809.64967764,46.16169454,unified_EVP_in_process
singapore,rsa15360_sqisign5,4ICA,5,23770,2330.0,809.64967764,46.16169454,unified_EVP_in_process
usa,rsa15360_sqisign5,4ICA,5,23770,2330.0,809.64967764,46.16169454,unified_EVP_in_process
frankfurt,rsa15360_sqisign5,4ICA,5,23770,2330.0,809.64967764,46.16169454,unified_EVP_in_process
